{"type":"FeatureCollection","features":[{"type":"Feature","id":1,"geometry":{"type":"MultiLineString","coordinates":[[[-71.017139799999939,42.36630480000008],[-71.017142799999988,42.36653780000006],[-71.017143699999963,42.366911800000025],[-71.017308499999956,42.366964800000062],[-71.01736219999998,42.366967500000044],[-71.017436299999986,42.366970500000036],[-71.017497999999989,42.366975800000034],[-71.017645899999934,42.366990900000076],[-71.017854799999952,42.367093100000034],[-71.018089299999986,42.367236500000047],[-71.018935799999952,42.367651900000055],[-71.019155699999942,42.367691600000057],[-71.019622399999946,42.367756900000074],[-71.020659299999977,42.367925200000059],[-71.020821299999966,42.367945900000052],[-71.021192099999951,42.367994700000054],[-71.021563699999945,42.368039400000043],[-71.021836399999984,42.368129400000043],[-71.022428899999966,42.368329900000049],[-71.022603099999969,42.368387300000052],[-71.024112799999955,42.368845700000065],[-71.025499399999944,42.369567700000061],[-71.025542399999949,42.36959870000004],[-71.025638499999957,42.369674800000041],[-71.026177999999959,42.370139000000052],[-71.026248099999975,42.37023320000003],[-71.026392999999985,42.370428000000061],[-71.026794399999972,42.370974900000078],[-71.026944999999955,42.37113400000004],[-71.027528599999982,42.371648900000025],[-71.028042299999981,42.37203100000005],[-71.028234399999974,42.372198100000048],[-71.02877529999995,42.372690900000066],[-71.029088999999942,42.373057000000074],[-71.029241999999954,42.373286000000064],[-71.029535799999962,42.374078900000029],[-71.029582699999935,42.374381100000051],[-71.029501599999946,42.374785800000041],[-71.029302299999983,42.375379000000066],[-71.029241699999943,42.375491100000033],[-71.028977099999963,42.375822500000027],[-71.02883769999994,42.375968300000068],[-71.028435299999956,42.376310000000046],[-71.027450999999985,42.377169900000069],[-71.026571499999989,42.377953700000035],[-71.026351999999974,42.378158900000074],[-71.026201499999956,42.378302000000076],[-71.02587079999995,42.378617500000075],[-71.02556629999998,42.378998100000047],[-71.024938899999938,42.37977200000006],[-71.024846999999966,42.379879300000027],[-71.024811799999952,42.379920300000038],[-71.024510999999961,42.380289000000062],[-71.024374999999964,42.380444000000068],[-71.023855999999967,42.380975000000035],[-71.023320999999953,42.381447000000037],[-71.023244999999974,42.381511000000046],[-71.022892799999966,42.381846300000063],[-71.022317999999984,42.382359000000065],[-71.021330999999975,42.383220000000051],[-71.021204199999943,42.383346800000027],[-71.021123999999986,42.383428000000038],[-71.020811999999978,42.383867000000066],[-71.020210999999961,42.384944000000075],[-71.019331999999963,42.386047000000076],[-71.018420999999933,42.387125800000035],[-71.017697999999939,42.387628000000063],[-71.016799999999932,42.387997000000041],[-71.016391099999964,42.388148900000033],[-71.01568999999995,42.388502000000074],[-71.015459399999941,42.388656800000035],[-71.014429099999973,42.389789300000075],[-71.014183499999945,42.390098800000032],[-71.014065999999957,42.390244500000051],[-71.013534199999981,42.390892700000052],[-71.013302499999952,42.391184300000077],[-71.013169999999946,42.391345200000046],[-71.013104199999987,42.391418300000055],[-71.013056699999936,42.391472000000078],[-71.012881999999934,42.391698000000076],[-71.012593999999979,42.39204200000006],[-71.012344599999949,42.392353000000071],[-71.011404999999968,42.393518000000029],[-71.011183399999936,42.393797300000074],[-71.011030999999946,42.393989400000066],[-71.01098159999998,42.394051200000035],[-71.010878999999989,42.39417700000007],[-71.010555999999951,42.394571000000042],[-71.010511999999949,42.394623000000081],[-71.010009799999978,42.395249400000068],[-71.009864299999947,42.395429500000034],[-71.009799999999984,42.395509000000061],[-71.009734999999978,42.39558500000004],[-71.009369999999933,42.396048000000064],[-71.008320999999967,42.397342000000037],[-71.007692999999961,42.398115000000075],[-71.006809999999973,42.399220000000071],[-71.006569999999954,42.399530000000027],[-71.006112999999971,42.400100000000066],[-71.005666299999973,42.400666300000069],[-71.004804999999976,42.401757000000032],[-71.004538999999966,42.402093100000059],[-71.00436499999995,42.402309000000059],[-71.004338999999959,42.402337000000045],[-71.003030999999964,42.403992000000073],[-71.002868999999976,42.40420400000005],[-71.002815599999963,42.404270900000029],[-71.002714999999966,42.404399000000069],[-71.00265399999995,42.404480000000035],[-71.002530999999976,42.404643000000078],[-71.00222999999994,42.405173000000048],[-71.002158999999949,42.405697000000032],[-71.002199999999959,42.405980000000056],[-71.002285699999959,42.406173100000046],[-71.00255599999997,42.406773000000044],[-71.002623999999969,42.406925000000058],[-71.002618999999981,42.407427000000041],[-71.002364999999941,42.407832000000042],[-71.002169199999969,42.408008700000039],[-71.002108999999962,42.408060000000035],[-71.001802999999938,42.408363000000065],[-71.001750999999956,42.408434000000057],[-71.001642999999945,42.408750000000055],[-71.001653999999974,42.40903000000003],[-71.001747999999964,42.409453000000042],[-71.001826999999935,42.409709000000078],[-71.001881799999978,42.409996900000067],[-71.001898199999971,42.410083000000043],[-71.001905999999963,42.410124000000053],[-71.001986199999976,42.410498400000051],[-71.002171999999973,42.411006200000031],[-71.002393799999936,42.411493700000051],[-71.002504999999985,42.411738100000036],[-71.002589999999941,42.411925000000053],[-71.002769999999941,42.412320000000079],[-71.003547999999967,42.414016000000061],[-71.003693999999939,42.415029000000061],[-71.00364639999998,42.41542220000008],[-71.00356789999995,42.415740800000037],[-71.003498999999977,42.415964000000031],[-71.003442999999947,42.416081000000077],[-71.003214999999955,42.416551000000027],[-71.002933999999982,42.417069000000026],[-71.002149999999972,42.41851100000008],[-71.001965999999982,42.419011000000069],[-71.002022999999951,42.419666000000063],[-71.002084099999934,42.41981190000007],[-71.002325999999982,42.420170000000041],[-71.002886599999954,42.420594100000073],[-71.003221799999949,42.420755800000052],[-71.003411999999969,42.42083400000007],[-71.004025999999953,42.421290000000056],[-71.004056999999989,42.421421000000066],[-71.004077999999936,42.421461000000079],[-71.004494999999963,42.421659000000034],[-71.004779999999982,42.421620000000075],[-71.004830999999967,42.421606000000054],[-71.005401999999947,42.421653000000049],[-71.006179999999972,42.421940000000063],[-71.008309999999938,42.422937000000047],[-71.008856999999978,42.423250000000053],[-71.009056999999984,42.423379000000068],[-71.009334199999955,42.423559200000057],[-71.010288999999943,42.424254000000076],[-71.010709799999972,42.424606700000027],[-71.010753999999963,42.424646700000039],[-71.011256499999945,42.425083500000028],[-71.011840999999947,42.425537000000077],[-71.012212999999974,42.425839000000053],[-71.013023999999973,42.426513000000057],[-71.013144199999942,42.426613200000077],[-71.013264999999933,42.426714000000061],[-71.01350999999994,42.426916000000062],[-71.013950299999976,42.427270100000044],[-71.014054999999985,42.427354000000037],[-71.014760999999964,42.427944000000025],[-71.015109999999936,42.428232000000037],[-71.015754999999956,42.428843000000029],[-71.015850999999941,42.429024000000027],[-71.015892999999949,42.429357000000039],[-71.015720999999985,42.429737000000046],[-71.015247999999985,42.430272000000059],[-71.015255799999977,42.430807400000049],[-71.015311599999961,42.43090200000006],[-71.01577089999995,42.431296000000032],[-71.016227499999957,42.431439200000057],[-71.016952099999969,42.431755900000041],[-71.01728959999997,42.432226900000046],[-71.017830999999944,42.433189000000027],[-71.018210999999951,42.433916100000033],[-71.018272999999965,42.434016000000042],[-71.019269999999949,42.435119000000043],[-71.01959979999998,42.435426900000039],[-71.019801899999948,42.435611400000028],[-71.020093899999949,42.435874900000044],[-71.020289199999979,42.436030200000062],[-71.021069999999952,42.436499000000026],[-71.021267999999964,42.436583000000041],[-71.02199399999995,42.436821000000066],[-71.02207089999996,42.436844000000065],[-71.022230499999978,42.436894800000061],[-71.023013999999932,42.437150000000031],[-71.023473999999965,42.437335000000076],[-71.025072999999963,42.438029000000029],[-71.027294999999981,42.439091000000076],[-71.027682999999968,42.439421000000038],[-71.028092999999956,42.440112000000056],[-71.028157799999974,42.441071000000079],[-71.027896999999939,42.441646000000048],[-71.025971999999967,42.44384800000006],[-71.025687799999957,42.444261400000073],[-71.025459999999953,42.444661000000053],[-71.025428999999974,42.44473000000005],[-71.025401999999985,42.444790000000069],[-71.025285999999937,42.44505300000003],[-71.025243299999943,42.445160100000066],[-71.024880999999937,42.446122000000059],[-71.023396199999979,42.449312100000043],[-71.023343999999952,42.449423000000024],[-71.022821099999987,42.45107610000008],[-71.022806999999943,42.451270000000079],[-71.022981699999946,42.452537300000074],[-71.023122999999941,42.452961000000073],[-71.02318189999994,42.453196200000036],[-71.023247999999967,42.453462000000059],[-71.023424999999975,42.454267000000073],[-71.023524799999961,42.454922100000033],[-71.023546199999942,42.455068600000061],[-71.023677099999986,42.456022100000041],[-71.023687799999948,42.456158800000026],[-71.02373799999998,42.456858000000068],[-71.023761999999977,42.457118000000037],[-71.023765999999966,42.457217000000071],[-71.02379899999994,42.457631000000049],[-71.023815499999955,42.457788500000049],[-71.023858999999959,42.458315000000027],[-71.023904999999957,42.458714000000043],[-71.023913999999934,42.458791000000076],[-71.024055999999973,42.459900100000027],[-71.024284399999942,42.461229100000025],[-71.024321199999974,42.461436400000025],[-71.024419999999964,42.461992000000066],[-71.024566999999934,42.462818000000027],[-71.024745999999936,42.463717000000031],[-71.024891999999966,42.464491000000066],[-71.02495399999998,42.464815000000044],[-71.025012999999944,42.465160000000026],[-71.025094999999965,42.465636000000075],[-71.02515219999998,42.46601000000004],[-71.025259999999946,42.46660200000008],[-71.025425999999982,42.468604000000028],[-71.024784299999965,42.471295100000077],[-71.024660599999947,42.47172020000005],[-71.024430999999936,42.47249400000004],[-71.023508299999946,42.475678400000049],[-71.023338699999954,42.47626050000008],[-71.023314999999968,42.476342000000045],[-71.023186099999975,42.47672840000007],[-71.023123999999939,42.476876000000061],[-71.021383999999955,42.480049000000065],[-71.021330999999975,42.480138000000068],[-71.021269999999959,42.480254000000059],[-71.021230999999943,42.48032500000005],[-71.020923599999946,42.480877500000076],[-71.020491999999933,42.481662000000028],[-71.020073999999966,42.482489000000044],[-71.020044999999982,42.48255000000006],[-71.019939599999987,42.482767800000033],[-71.019774899999959,42.483100200000081],[-71.01945029999996,42.483755300000041],[-71.019334899999933,42.483991200000048],[-71.018036299999949,42.486660200000074],[-71.017872999999952,42.486996000000033],[-71.017634399999963,42.487540400000057],[-71.017442799999969,42.487997200000052],[-71.017253699999969,42.488449100000025],[-71.01711899999998,42.488777000000027],[-71.017064999999945,42.488906000000043],[-71.016887999999938,42.489324000000067],[-71.016864399999974,42.489383400000065],[-71.016687599999955,42.489879100000053],[-71.016394499999933,42.492414900000028],[-71.016304399999967,42.493059300000027],[-71.016123999999934,42.494293000000027],[-71.016066899999942,42.494676800000036],[-71.01572699999997,42.496676000000036],[-71.015556999999944,42.497288000000026],[-71.015507399999933,42.49747380000008],[-71.015054999999961,42.499181000000078],[-71.014670499999966,42.500890800000036],[-71.014649099999986,42.50098550000007],[-71.014447999999959,42.502016000000026],[-71.014434999999935,42.502176000000077],[-71.014420799999982,42.502395300000046],[-71.014407999999946,42.502594000000045],[-71.014388999999937,42.502926000000059],[-71.014370999999983,42.50338400000004],[-71.014292999999952,42.504197000000033],[-71.01415099999997,42.504888000000051],[-71.014097999999933,42.505075000000033],[-71.013991999999973,42.505388000000039],[-71.013112999999976,42.507082000000025],[-71.011693999999977,42.508653000000038],[-71.010047999999983,42.509932100000071],[-71.008704399999942,42.510934000000077],[-71.007464999999968,42.511796000000061],[-71.007346999999982,42.511877000000027],[-71.006841999999949,42.512204000000054],[-71.003856999999982,42.514024000000063],[-71.00381079999994,42.514057900000068],[-71.003488299999958,42.51427110000003],[-71.003232399999945,42.514479400000027],[-71.003198999999938,42.514503000000047],[-71.002907999999934,42.514769000000058],[-71.001657999999964,42.516302000000053],[-71.001573999999948,42.516407000000072],[-71.001450999999975,42.516566000000068],[-71.001252999999963,42.51682900000003],[-71.00066099999998,42.51756800000004],[-71.000573699999961,42.517671700000051],[-71.000494099999969,42.517776100000049],[-71.000431099999957,42.517856100000074],[-71.00027259999996,42.518056100000081],[-70.999801999999988,42.518628000000035],[-70.999409999999955,42.519104000000027],[-70.999185299999965,42.519377100000042],[-70.999071899999933,42.519518100000028],[-70.998634299999935,42.520039900000029],[-70.998561399999971,42.520126900000037],[-70.998386099999948,42.52035520000004],[-70.998205899999959,42.52059550000007],[-70.997901999999954,42.520996000000025],[-70.997736699999962,42.521203300000025],[-70.996755999999948,42.522535000000062],[-70.996232999999961,42.523533000000043],[-70.996177999999986,42.523650000000032],[-70.995940999999959,42.524173000000076],[-70.99556199999995,42.524938700000064],[-70.99476599999997,42.526323000000048],[-70.99444699999998,42.52684800000003],[-70.994121999999948,42.527378000000056],[-70.99402159999994,42.527543700000081],[-70.993921999999941,42.527708000000075],[-70.993884699999967,42.527767400000073],[-70.993641299999979,42.528169000000048],[-70.993442199999947,42.528493300000036],[-70.993284999999958,42.528750000000059],[-70.993091499999935,42.529079200000069],[-70.993023899999969,42.529180800000063],[-70.992925699999944,42.529333400000041],[-70.992764699999952,42.529596600000048],[-70.992320999999947,42.530322600000034],[-70.992172499999981,42.53056950000007],[-70.992087899999945,42.530706500000065],[-70.991905899999949,42.53100180000007],[-70.991815499999973,42.531147600000054],[-70.991638999999964,42.531419000000028],[-70.991334299999949,42.531916500000079],[-70.991191399999934,42.532148900000038],[-70.991031999999961,42.53240500000004],[-70.98991099999995,42.534253000000035],[-70.989641999999947,42.534782000000064],[-70.98946449999994,42.535134300000038],[-70.988858999999934,42.536354000000074],[-70.988621699999953,42.536855900000035],[-70.988452399999971,42.53720480000004],[-70.988353299999972,42.537408200000073],[-70.988098999999977,42.537930000000074],[-70.987991999999963,42.538151000000028],[-70.987847999999985,42.538459000000046],[-70.987637599999971,42.538888100000065],[-70.987572999999941,42.539019000000053],[-70.986820999999964,42.540209000000061],[-70.985981999999979,42.540972000000068],[-70.984233999999958,42.542008000000067],[-70.983909599999947,42.54221380000007],[-70.983711999999969,42.542379000000039],[-70.983157999999946,42.543193000000031],[-70.982398299999943,42.545840400000031],[-70.98196779999995,42.54665650000004],[-70.981120999999973,42.548127000000079],[-70.979679999999973,42.550412700000038],[-70.97655599999996,42.555256000000043],[-70.975975999999946,42.556159900000068],[-70.975855199999955,42.556347900000048],[-70.975793999999951,42.556443000000058],[-70.975649799999985,42.556663300000025],[-70.974317999999982,42.558790000000045],[-70.974241999999947,42.558922000000052],[-70.97394399999996,42.559448000000032],[-70.973887999999988,42.559547000000066],[-70.97304029999998,42.561164600000041],[-70.971576999999968,42.56457800000004],[-70.971182099999965,42.56575730000003],[-70.971104999999966,42.565999000000033],[-70.970890299999951,42.56671220000004],[-70.970519999999965,42.568185000000028],[-70.970391599999971,42.568769800000041],[-70.970237199999985,42.569536700000072],[-70.969715999999949,42.572656000000052],[-70.969391999999971,42.574196000000029],[-70.968903999999952,42.575484000000074],[-70.967933999999957,42.577191000000028],[-70.965732999999943,42.579665000000034],[-70.965648999999985,42.579752000000042],[-70.964015299999971,42.581426800000031],[-70.963697299999978,42.581785400000058],[-70.963612999999953,42.581878000000074],[-70.963194999999985,42.582423000000063],[-70.962036999999953,42.58417600000007],[-70.961230999999941,42.586080000000038],[-70.960829999999987,42.588103000000046],[-70.960831799999937,42.589894800000025],[-70.961055999999985,42.591271000000063],[-70.961080999999979,42.591383000000064],[-70.961468999999965,42.59258600000004],[-70.962286999999947,42.594269000000054],[-70.963368999999943,42.595980000000054],[-70.963653999999963,42.596409000000051],[-70.964119599999947,42.59711180000005],[-70.965220199999976,42.598805600000048],[-70.965554999999938,42.599326000000076],[-70.965920599999947,42.599887500000079],[-70.966642999999976,42.601024000000052],[-70.97366999999997,42.611868000000072],[-70.976974999999982,42.61695700000007],[-70.978075999999987,42.619482000000062],[-70.978504899999962,42.621470000000045],[-70.978535999999963,42.621718000000044],[-70.978596999999979,42.622277000000054],[-70.978663999999981,42.623443000000066],[-70.978635999999938,42.624221000000034],[-70.978429999999946,42.626473000000033],[-70.977942999999982,42.629188000000056],[-70.977017999999987,42.634562000000074],[-70.976957599999935,42.635004000000038],[-70.976941999999951,42.635119000000032],[-70.976734599999986,42.637019200000054],[-70.976616999999976,42.639803000000029],[-70.976622999999961,42.640813000000037],[-70.976650899999981,42.642187000000035],[-70.976759199999947,42.645998500000076],[-70.976795999999979,42.647637000000032],[-70.976918299999966,42.651010000000042],[-70.976806699999941,42.655517800000041],[-70.976780599999984,42.656193500000029],[-70.976566399999967,42.662114100000053],[-70.976203899999973,42.67125070000003],[-70.976107699999943,42.673306300000036],[-70.976099399999953,42.673638400000073],[-70.975971299999969,42.676513200000045],[-70.975920899999949,42.677848400000073],[-70.975904399999934,42.677988400000061],[-70.975885199999937,42.67844400000007],[-70.975662399999976,42.680039100000045],[-70.974977299999978,42.682631600000036],[-70.974869499999954,42.682916100000057],[-70.974838099999943,42.683005300000048],[-70.972877499999981,42.687581500000078],[-70.972494299999937,42.688479500000028],[-70.971586299999956,42.690569000000039],[-70.971088099999974,42.691713700000037],[-70.97088999999994,42.692159000000061],[-70.970476599999984,42.693112300000053],[-70.970132999999976,42.69393000000008],[-70.967567999999972,42.699809000000073],[-70.967471999999987,42.700046000000043],[-70.967167999999958,42.700733000000071],[-70.966906999999935,42.701334000000031],[-70.966273999999942,42.70279400000004],[-70.966082999999969,42.703234000000066],[-70.965748799999972,42.704009800000051],[-70.965566399999943,42.70443320000004],[-70.964108499999952,42.707765000000052],[-70.963799199999983,42.708470900000066],[-70.963774999999941,42.708534000000043],[-70.963727999999946,42.708657000000073],[-70.962147999999956,42.712289000000055],[-70.961687999999981,42.713297000000068],[-70.961101599999949,42.714689500000077],[-70.960916899999972,42.715126400000031],[-70.95979559999995,42.717772600000046],[-70.956351999999981,42.725605800000039],[-70.951435999999944,42.736901000000046],[-70.949818999999934,42.740609000000063],[-70.947819199999969,42.74521320000008],[-70.947122999999976,42.746824000000061],[-70.946883999999955,42.747377000000029],[-70.945928999999978,42.74952200000007],[-70.944632899999988,42.751851800000054],[-70.944395999999983,42.752218000000028],[-70.94381199999998,42.753113000000042],[-70.943542999999977,42.753512000000057],[-70.941625999999985,42.756447000000037],[-70.939607999999964,42.759474000000068],[-70.937676199999942,42.76244870000005],[-70.936511199999984,42.764219900000057],[-70.932626199999959,42.770093000000031],[-70.932506999999987,42.770275000000026],[-70.930772099999956,42.772904100000062],[-70.929391199999941,42.775011300000074],[-70.928202999999939,42.776814000000059],[-70.928002999999933,42.777117000000032],[-70.926067999999987,42.780193000000054],[-70.925744899999984,42.780759100000068],[-70.925147299999935,42.781855300000075],[-70.924240199999986,42.783510000000035],[-70.922448799999984,42.786771000000044],[-70.92167059999997,42.788187100000073],[-70.921560699999986,42.788387000000057],[-70.920296999999948,42.790628000000027],[-70.920150999999976,42.790895000000035],[-70.916670999999951,42.797384000000079],[-70.915579999999977,42.800193000000036],[-70.914900999999986,42.802671000000032],[-70.914561099999958,42.804612000000077],[-70.914338999999984,42.807459000000051],[-70.914419899999984,42.80976220000008],[-70.914666999999952,42.812126800000044],[-70.915253499999949,42.817386600000077],[-70.915275299999962,42.817564400000037],[-70.915673199999958,42.821128500000043],[-70.91574879999996,42.821780600000068],[-70.915752999999938,42.821824400000025],[-70.915857899999935,42.823229900000058],[-70.915880399999935,42.824648800000034],[-70.915851999999973,42.82542200000006],[-70.915732499999933,42.826834100000042],[-70.914996599999938,42.829387200000042],[-70.914954099999989,42.829485700000077],[-70.914324599999986,42.830746300000044],[-70.91225019999996,42.83338880000008],[-70.911433399999964,42.834353500000077],[-70.911370499999975,42.834430500000053],[-70.908853799999974,42.837430300000051],[-70.905845299999953,42.840974000000074],[-70.904179399999975,42.842963900000029],[-70.903302899999971,42.844101700000067],[-70.902993999999978,42.84452200000004],[-70.902716999999939,42.844920000000059],[-70.902687999999955,42.844969000000049],[-70.902625899999975,42.845059700000036],[-70.902596999999957,42.845110000000034],[-70.901560099999983,42.846871800000031],[-70.900349999999946,42.849149000000068],[-70.899984999999958,42.849825000000067],[-70.899127799999974,42.851413600000058],[-70.89670499999994,42.855918000000031],[-70.896333299999981,42.856597800000031],[-70.892207199999973,42.864266100000066],[-70.890592999999967,42.867225000000076],[-70.890180999999984,42.867987000000028],[-70.89008599999994,42.86816900000008],[-70.888773699999945,42.87061570000003],[-70.88704869999998,42.873429700000031],[-70.885709399999939,42.87541200000004],[-70.884144999999933,42.877804000000026],[-70.883290299999942,42.87952990000008],[-70.882856999999944,42.880818000000033],[-70.881463099999962,42.886764500000027],[-70.880966399999977,42.888912800000071],[-70.880840399999954,42.889450200000056],[-70.880656199999976,42.890251800000044],[-70.880533999999955,42.890790000000038],[-70.879686999999933,42.894489000000078],[-70.879661799999951,42.894596700000079],[-70.878930999999966,42.897822000000076],[-70.87881299999998,42.898323000000062],[-70.878492999999935,42.899736000000075],[-70.877444999999966,42.90424900000005],[-70.876422299999945,42.906980600000054],[-70.874226099999987,42.911204400000031],[-70.873958999999957,42.911715000000072],[-70.872072999999943,42.91535900000008],[-70.869477999999958,42.920362000000068],[-70.862215999999933,42.934406000000081],[-70.861478999999974,42.936226000000033],[-70.861071999999979,42.937889200000029],[-70.860627499999964,42.940106700000058],[-70.860189499999933,42.942368200000033],[-70.858328799999981,42.951813300000026],[-70.858246699999938,42.952238200000068],[-70.857948099999987,42.953728800000079],[-70.857731899999976,42.954837200000043],[-70.857507699999985,42.955999000000077],[-70.857250399999941,42.957412500000032],[-70.857174099999952,42.957808100000079],[-70.856848799999966,42.959387800000059],[-70.856798599999934,42.959641600000054],[-70.856310199999939,42.962063200000046],[-70.856019999999944,42.963509200000033],[-70.855672499999969,42.965328600000078],[-70.855133299999977,42.967899500000044],[-70.854827099999966,42.969164100000057],[-70.854551299999969,42.970367200000055],[-70.853660599999955,42.974591100000055],[-70.851699999999937,42.984101000000067],[-70.85164599999996,42.98436600000008],[-70.851080999999965,42.987108000000035],[-70.850332999999978,42.989665000000059],[-70.849402999999938,42.991918000000055],[-70.848197999999968,42.994192500000054],[-70.847842999999955,42.994767000000081],[-70.840691699999979,43.005140600000061],[-70.838625999999977,43.008105000000057],[-70.83050099999997,43.019851000000074],[-70.830071799999985,43.020480300000031],[-70.828343999999959,43.022971000000041],[-70.826310999999976,43.025984000000051],[-70.820177999999942,43.036132000000066],[-70.81699999999995,43.041369000000032],[-70.816442599999959,43.042304200000046],[-70.814446999999973,43.045574000000045],[-70.814217199999973,43.04596250000003],[-70.813899999999933,43.046480000000031],[-70.813756999999953,43.046714000000065],[-70.811466999999936,43.050492000000077],[-70.810096199999975,43.052509500000042],[-70.808007999999973,43.055012000000033],[-70.805525899999964,43.056937000000062],[-70.804768499999966,43.057461500000045],[-70.804123799999957,43.05787330000004],[-70.803976399999954,43.057966800000031],[-70.80240699999996,43.058982000000071],[-70.801274999999976,43.059712000000047],[-70.800753999999984,43.060051000000044],[-70.800080899999955,43.060493300000076],[-70.799435999999957,43.060914800000035],[-70.796752499999968,43.062808000000075],[-70.789655799999935,43.067413900000076],[-70.788846799999988,43.068080900000041],[-70.788191199999972,43.06885230000006],[-70.787784399999964,43.069553800000051],[-70.787447499999985,43.070703300000048],[-70.787445799999944,43.071756500000049],[-70.787985099999958,43.074708000000044],[-70.788048799999956,43.075078500000075],[-70.788115999999945,43.07545470000008],[-70.788599799999986,43.077718700000048],[-70.789131199999986,43.078967300000045],[-70.79011799999995,43.080319100000054],[-70.792744599999935,43.082844400000056],[-70.796993999999984,43.086425100000042],[-70.79836279999995,43.087558600000079],[-70.802195899999958,43.090629900000067],[-70.802334999999971,43.090748400000052],[-70.805821999999978,43.093571700000041],[-70.806981699999938,43.094737100000032],[-70.808524499999976,43.096665300000041],[-70.809267999999975,43.097781500000053],[-70.809920199999965,43.098841800000059],[-70.812390999999934,43.102784900000074],[-70.813259499999958,43.104410100000052],[-70.813320699999963,43.104523100000051],[-70.815405599999963,43.108809600000029],[-70.816304999999943,43.110103500000037],[-70.816610999999966,43.110506600000065],[-70.81681489999994,43.110744800000077],[-70.81719309999994,43.111146200000064],[-70.81781019999994,43.111787200000038],[-70.820268499999941,43.113804100000038],[-70.821846999999934,43.115017200000068],[-70.82202529999995,43.115159500000061],[-70.822286599999984,43.115369700000031],[-70.822584799999959,43.115606200000059],[-70.823788599999943,43.116602900000032],[-70.823960099999965,43.116746800000044],[-70.827439799999979,43.11974790000005],[-70.82751369999994,43.119811500000026],[-70.827829999999949,43.12009050000006],[-70.828048599999988,43.12027850000004],[-70.828766499999972,43.120914400000061],[-70.829020499999956,43.121141600000044],[-70.831389499999943,43.123480800000038],[-70.833133799999985,43.124457500000062],[-70.835601399999973,43.125653000000057],[-70.836676999999952,43.126529000000062],[-70.837494399999969,43.127847600000052],[-70.837755899999934,43.128468100000077],[-70.838356699999963,43.129872600000056],[-70.838601599999947,43.130507500000078],[-70.838664999999935,43.130660700000078],[-70.838729999999941,43.13081770000008],[-70.838790499999959,43.130956800000035],[-70.839326399999948,43.13224880000007],[-70.841148299999986,43.136454300000025],[-70.842492499999935,43.13962250000003],[-70.84282799999994,43.140669000000059],[-70.843025999999952,43.142015000000072],[-70.843182899999988,43.147590600000058],[-70.843388999999945,43.149136000000055],[-70.844137999999987,43.15086400000007],[-70.849054999999964,43.158069000000069],[-70.850727999999947,43.159989000000053],[-70.855122999999935,43.16439100000008],[-70.856976999999972,43.166254000000038],[-70.862666999999988,43.171903000000043],[-70.864119999999957,43.172927000000072],[-70.869856999999968,43.175988000000075],[-70.870698999999945,43.176739000000055],[-70.873005099999943,43.179359600000055],[-70.873300999999969,43.17969800000003],[-70.874369999999942,43.18058700000006],[-70.875761999999952,43.181267000000048],[-70.876832999999976,43.181544000000031],[-70.877380999999957,43.181685000000073],[-70.877520599999968,43.181721700000026],[-70.878010999999958,43.181851000000051],[-70.880167999999969,43.182413200000042],[-70.880582999999945,43.182521000000065],[-70.880681999999979,43.182546700000046],[-70.880959399999938,43.182618800000057],[-70.882492099999979,43.183011100000044],[-70.882646299999976,43.183050700000081],[-70.882768999999939,43.183088300000065],[-70.884397999999976,43.183610000000044],[-70.88570999999996,43.184288000000038],[-70.886670999999978,43.184997000000067],[-70.886904999999956,43.18521700000008],[-70.887052099999948,43.185370600000056],[-70.887097099999949,43.185418100000049],[-70.888484999999946,43.186982000000057],[-70.890182999999979,43.188956000000076],[-70.893447999999978,43.192844200000025],[-70.894102999999973,43.193844500000068],[-70.894908999999984,43.195431000000042],[-70.896801399999958,43.20000900000008],[-70.897729999999967,43.202353000000073],[-70.897869999999955,43.203679000000079],[-70.89749299999994,43.205096000000026],[-70.896573999999987,43.206512000000032],[-70.896459999999934,43.206671000000028],[-70.896414999999934,43.206736000000035],[-70.894659999999988,43.209171000000026],[-70.892258999999967,43.212649000000056],[-70.891949999999952,43.213516000000027],[-70.891870999999981,43.214978000000031],[-70.892462999999964,43.216585000000066],[-70.892687999999964,43.216939000000025],[-70.893508299999951,43.217797000000076],[-70.894060799999977,43.218276900000035],[-70.894147999999973,43.21834240000004],[-70.898198999999977,43.22171000000003],[-70.90361699999994,43.226199000000065],[-70.911673999999948,43.232871000000046],[-70.912358999999981,43.233438000000035],[-70.919313999999986,43.239161000000081],[-70.925068999999951,43.24344300000007],[-70.932414499999936,43.248884500000031],[-70.942270999999948,43.256264000000044],[-70.949901999999952,43.262623000000076],[-70.957110099999966,43.268636800000081],[-70.959366999999986,43.270511000000056],[-70.959507799999983,43.270628200000033],[-70.960215999999946,43.271218000000033],[-70.961630999999954,43.272414000000026],[-70.963287099999945,43.273789000000079],[-70.965750999999955,43.275842000000068],[-70.966140799999948,43.276163800000063],[-70.968301199999985,43.277833800000053],[-70.970919699999968,43.279290900000035],[-70.971807599999977,43.279641300000037],[-70.972042199999976,43.279739000000063],[-70.972230199999956,43.279805000000067],[-70.972390699999949,43.279863200000079],[-70.974369499999966,43.280587100000048],[-70.974797699999954,43.280746600000043],[-70.975558799999988,43.281021900000042],[-70.977298599999983,43.281631900000036],[-70.97738929999997,43.281666100000052],[-70.977619999999945,43.28174290000004],[-70.979007299999978,43.282260600000029],[-70.979220599999962,43.28233890000007],[-70.979257399999938,43.282355900000027],[-70.979426399999966,43.282422900000029],[-70.98138849999998,43.283173700000077],[-70.982738899999958,43.283928200000048],[-70.984372399999984,43.285349100000076],[-70.985311699999954,43.286334400000044],[-70.98595279999995,43.28699830000005],[-70.988580199999944,43.289717900000028],[-70.990498399999979,43.29173250000008],[-70.990655999999944,43.291888800000038],[-70.992214199999978,43.293555400000059],[-70.993289299999958,43.295176100000049],[-70.993717099999969,43.296131400000036],[-70.993772099999944,43.29627320000003],[-70.994209999999953,43.298414000000037],[-70.994222799999989,43.299898700000028],[-70.994228899999939,43.301071500000035],[-70.994262899999967,43.302023800000029],[-70.994512499999985,43.303555600000038],[-70.994566899999938,43.30388460000006],[-70.994742799999983,43.304947800000036],[-70.994889899999976,43.30564430000004],[-70.995244499999956,43.307476500000064],[-70.995469299999968,43.308637900000065],[-70.995523399999968,43.308952900000065],[-70.996235399999989,43.312870500000031],[-70.996295399999951,43.313203300000055],[-70.996376099999964,43.313702800000044],[-70.996446799999944,43.314026400000046],[-70.996540099999947,43.314743200000066],[-70.996353899999974,43.316669800000057],[-70.995998099999952,43.317709800000046],[-70.995393899999954,43.318745300000046],[-70.995313399999986,43.318844500000068],[-70.99434709999997,43.319949400000041],[-70.993470099999968,43.320704400000068],[-70.992722899999933,43.321289500000034],[-70.99249489999994,43.321492400000068],[-70.992375699999968,43.321597900000029],[-70.991309799999954,43.32255710000004],[-70.991107199999988,43.322732300000041],[-70.990191999999979,43.323486200000048],[-70.989568799999972,43.324021400000049],[-70.98935419999998,43.324202900000046],[-70.989153599999952,43.324367000000052],[-70.988663499999973,43.324778500000036],[-70.987250999999958,43.325978700000064],[-70.986636199999964,43.326584100000048],[-70.985801899999956,43.327452700000038],[-70.985756899999956,43.32751920000004],[-70.98542649999996,43.327931400000068],[-70.984221399999967,43.32993330000005],[-70.983686899999952,43.331354200000078],[-70.983333499999958,43.333211300000073],[-70.983320299999946,43.333361600000046],[-70.983434299999942,43.335265500000048],[-70.983627799999965,43.336686400000076],[-70.984215699999936,43.340246800000045],[-70.984247799999935,43.340278900000044],[-70.984327599999972,43.340910500000064],[-70.984518199999968,43.342431800000043],[-70.984735399999977,43.344050800000048],[-70.986049099999946,43.353746200000046],[-70.986099999999965,43.354152000000056],[-70.986481799999979,43.356988400000034],[-70.986726699999963,43.35872820000003],[-70.986881199999971,43.359967300000051],[-70.987149499999987,43.361988100000076],[-70.987522699999943,43.364795500000071],[-70.988075999999978,43.368660000000034],[-70.988745499999936,43.370629200000053],[-70.988948199999982,43.371017800000061],[-70.990607099999977,43.373443500000064],[-70.990985299999977,43.373970800000052],[-70.991199999999935,43.374249000000077],[-70.994207399999937,43.378395500000067],[-70.995867799999985,43.38086700000008],[-70.996081799999956,43.381237700000042],[-70.996358999999984,43.381732000000056],[-70.998118999999974,43.385482000000025],[-70.999077699999987,43.387699600000076],[-71.001451699999961,43.39319590000008],[-71.001612999999963,43.393566000000078],[-71.003278299999977,43.397399200000052],[-71.003649199999984,43.398253000000068],[-71.003837999999973,43.398677000000077],[-71.004764899999941,43.40093150000007],[-71.005108299999961,43.401844500000038],[-71.005324099999939,43.402409800000044],[-71.005381299999954,43.402557500000057],[-71.005517499999939,43.402953800000034],[-71.005593699999963,43.403175500000032],[-71.006673999999975,43.406675000000064],[-71.00682299999994,43.407192000000066],[-71.00699469999995,43.407924900000069],[-71.007283499999971,43.409244000000058],[-71.007811999999944,43.412307000000055],[-71.009216999999978,43.422101000000055],[-71.009308999999973,43.422768000000076],[-71.009487999999976,43.424108000000047],[-71.009643199999971,43.425974900000028],[-71.009574999999984,43.429125000000056],[-71.009498699999938,43.429785500000037],[-71.009228999999948,43.431449800000053],[-71.008227299999987,43.435027400000081],[-71.007001999999943,43.437849000000028],[-71.006895999999983,43.438048000000038],[-71.006788399999948,43.438248400000077],[-71.006531999999936,43.438725000000034],[-71.005105999999955,43.441029000000071],[-71.00301879999995,43.443737300000066],[-71.001532099999963,43.445338400000026],[-71.001329599999963,43.445540000000051],[-71.000886999999977,43.445973300000048],[-71.000468599999977,43.446365700000058],[-70.998805799999957,43.447826000000077],[-70.998112999999933,43.448416900000041],[-70.996862999999962,43.449522000000059],[-70.996345399999939,43.450049100000058],[-70.995494999999949,43.451093000000071],[-70.994603999999981,43.452635000000043],[-70.994113999999968,43.454076000000043],[-70.99389199999996,43.455792000000031],[-70.994073999999955,43.45752200000004],[-70.994490999999982,43.458894000000043],[-70.99552129999995,43.460982700000045],[-70.996979399999987,43.463846700000033],[-70.997412999999938,43.464706900000067],[-71.00074189999998,43.47125120000004],[-71.000942399999985,43.471644300000037],[-71.002217599999938,43.474207800000045],[-71.002490599999987,43.474779800000078],[-71.002756999999974,43.475340000000074],[-71.004704999999944,43.479975000000024],[-71.005006899999955,43.480623900000069],[-71.005057999999963,43.480727000000059],[-71.005151899999987,43.480937200000028],[-71.005537999999945,43.48190100000005],[-71.006418099999962,43.483743000000061],[-71.007374399999946,43.484837900000059],[-71.009744999999953,43.486599000000069],[-71.010141399999952,43.486874600000078],[-71.015993999999978,43.49095600000004],[-71.016930999999943,43.491620000000069],[-71.020696799999939,43.494221100000061],[-71.021091999999953,43.494494100000054],[-71.021350499999983,43.494682200000057],[-71.02171199999998,43.494927000000075],[-71.023784999999975,43.496389000000079],[-71.024076599999944,43.49659280000003],[-71.024952399999961,43.497205000000065],[-71.025402999999983,43.497520000000065],[-71.025768999999968,43.497775000000047],[-71.026216999999974,43.498084000000063],[-71.026898799999969,43.498562400000026],[-71.027382899999964,43.498909000000026],[-71.028421099999946,43.499868000000049],[-71.029155599999967,43.501056900000037],[-71.029427799999951,43.502029200000038],[-71.02943259999995,43.503467200000046],[-71.029428399999972,43.503535300000067],[-71.029221999999947,43.505925000000047],[-71.028777499999933,43.511733500000048],[-71.028585899999939,43.514206400000035],[-71.028342399999985,43.51700100000005],[-71.027801499999953,43.519253700000036],[-71.026123999999982,43.525236000000064],[-71.026213199999972,43.52679900000004],[-71.027919199999985,43.530591800000025],[-71.028057199999978,43.530878900000062],[-71.028840899999977,43.532484000000068],[-71.030617199999938,43.536122900000066],[-71.031374999999969,43.537678000000028],[-71.031690199999957,43.53832710000006],[-71.031834699999933,43.538624700000071],[-71.032010699999944,43.538987100000043],[-71.033130999999969,43.541227000000049],[-71.034295999999983,43.542799000000059],[-71.038877999999954,43.54685900000004],[-71.039717499999938,43.548130900000046],[-71.039822999999956,43.548391600000059],[-71.03986649999996,43.548506400000065],[-71.040022499999964,43.549101700000051],[-71.04005449999994,43.54929240000007],[-71.040096099999971,43.549772500000074],[-71.040115599999979,43.549998000000073],[-71.040139999999951,43.550279800000055],[-71.040176299999985,43.550698800000077],[-71.040222099999937,43.55108690000003],[-71.040251599999976,43.551336700000036],[-71.040296599999976,43.551772800000037],[-71.040335099999936,43.55220840000004],[-71.040398999999979,43.552930900000035],[-71.040625099999943,43.555677900000035],[-71.040630699999952,43.555744100000027],[-71.041214999999966,43.562663000000043],[-71.041242999999952,43.562940000000026],[-71.04127699999998,43.564892000000043],[-71.040975999999944,43.566036000000054],[-71.039717799999949,43.568580300000065],[-71.037772999999959,43.572370000000035],[-71.037637599999982,43.572631100000081],[-71.037361899999951,43.573176300000057],[-71.037233699999945,43.573431500000027],[-71.036616199999969,43.574709200000029],[-71.036300399999959,43.575441900000044],[-71.036215899999945,43.575637900000061],[-71.035978999999941,43.576188000000059],[-71.035868999999934,43.57644300000004],[-71.035449599999936,43.577414900000065],[-71.034913699999947,43.578656900000055],[-71.034021999999936,43.580695000000048],[-71.032828999999936,43.583511000000044],[-71.032537999999988,43.584558000000072],[-71.032493699999975,43.584715200000062],[-71.032144499999958,43.586746300000073],[-71.031849999999963,43.59240200000005],[-71.031712599999935,43.596549500000037],[-71.031855999999948,43.597267000000045],[-71.032264899999973,43.598361100000034],[-71.03275119999995,43.599101300000029],[-71.036949799999945,43.604766500000039],[-71.037739999999985,43.606209000000035],[-71.038829999999962,43.610878000000071],[-71.039575299999967,43.612719800000036],[-71.040733999999986,43.615118000000052],[-71.042219999999986,43.618277500000033],[-71.04689499999995,43.628167000000076],[-71.04832399999998,43.631143000000066],[-71.049229899999943,43.632471100000032],[-71.04952099999997,43.632806000000073],[-71.049695999999983,43.633001000000036],[-71.051178999999934,43.634325000000047],[-71.052267099999938,43.635056400000053],[-71.054436299999963,43.636205700000062],[-71.057017199999962,43.637508000000025],[-71.057822899999962,43.63797500000004],[-71.059256299999959,43.639055100000064],[-71.060990699999934,43.640535000000057],[-71.06130799999994,43.640807600000073],[-71.061702999999966,43.641147000000046],[-71.064664999999934,43.643658000000073],[-71.06560589999998,43.644874100000038],[-71.066046999999969,43.646008000000052],[-71.066241999999988,43.648010000000056],[-71.06644799999998,43.648713000000043],[-71.068390999999963,43.652651000000048],[-71.069110799999976,43.653632100000038],[-71.069649999999967,43.654254000000037],[-71.070157999999935,43.655194000000051],[-71.070325999999966,43.656064000000072],[-71.07040399999994,43.658190000000047],[-71.070405599999958,43.658249200000057],[-71.070428799999945,43.659125300000028],[-71.070481399999949,43.66074100000003],[-71.070496599999956,43.661099000000036],[-71.070594999999969,43.66273700000005],[-71.070769999999982,43.663438000000042],[-71.07183299999997,43.665279000000055],[-71.072743999999943,43.666851000000065],[-71.07322929999998,43.66848850000008],[-71.073282999999947,43.668946000000062],[-71.073317999999972,43.669216000000063],[-71.073369699999944,43.669457800000032],[-71.073533299999951,43.670026200000052],[-71.074063999999964,43.670933000000048],[-71.074706999999933,43.671579000000065],[-71.076683099999968,43.672911000000056],[-71.077517299999954,43.673455800000056],[-71.079148999999973,43.674515000000042],[-71.079669999999965,43.674855000000036],[-71.079885599999955,43.67499760000004],[-71.080646999999942,43.675501000000054],[-71.081199399999946,43.675865100000067],[-71.081425099999933,43.676013800000078],[-71.081541799999968,43.676090700000032],[-71.082467099999974,43.676680000000033],[-71.083531899999969,43.677417000000048],[-71.084038199999952,43.677885700000047],[-71.084584099999972,43.678525200000081],[-71.084895999999958,43.679209200000059],[-71.085429599999941,43.680604600000038],[-71.085883799999976,43.681761900000026],[-71.086347799999942,43.682946900000047],[-71.086514799999975,43.683238600000038],[-71.087590299999988,43.684431600000039],[-71.087864899999943,43.684623900000076],[-71.088239499999986,43.684845400000029],[-71.088620999999989,43.685051000000044],[-71.089306099999988,43.685371400000065],[-71.089700099999959,43.685562800000071],[-71.089907099999948,43.685672100000033],[-71.090137999999968,43.685794000000044],[-71.091326299999935,43.686634100000049],[-71.093378199999961,43.688266000000056],[-71.093763199999955,43.688579400000037],[-71.095461199999988,43.689887800000065],[-71.096514599999978,43.690730500000029],[-71.097734699999933,43.691729100000032],[-71.098101299999939,43.692041000000074],[-71.098632099999975,43.692497900000035],[-71.100331099999948,43.694008100000076],[-71.10052399999995,43.694180000000074],[-71.100827199999969,43.694472400000052],[-71.101128099999983,43.694732600000066],[-71.101557699999944,43.69513210000008],[-71.102296499999966,43.695816100000059],[-71.103633999999943,43.697072100000071],[-71.10410109999998,43.697506900000064],[-71.105800899999963,43.699204700000053],[-71.106207099999949,43.699674000000073],[-71.106475999999986,43.699970400000041],[-71.107389899999987,43.700780000000066],[-71.108338199999935,43.701482200000044],[-71.109338599999944,43.702211100000056],[-71.109695999999985,43.702477800000054],[-71.109756799999957,43.702598300000034],[-71.110337199999947,43.703035100000079],[-71.110422099999937,43.703100200000051],[-71.110862699999984,43.703406600000051],[-71.111300599999936,43.703797800000075],[-71.111370299999976,43.70387050000005],[-71.111692199999936,43.704240900000059],[-71.112076899999977,43.704719900000043],[-71.112150699999972,43.70482510000005],[-71.112391399999979,43.705175700000041],[-71.112692199999969,43.705708900000047],[-71.113458899999955,43.707372600000042],[-71.114583099999948,43.708609800000033],[-71.11701069999998,43.710045000000036],[-71.119357099999945,43.711314300000026],[-71.119757399999969,43.711574000000041],[-71.119955199999936,43.71171170000008],[-71.120148999999969,43.711854200000062],[-71.120371599999942,43.712016100000028],[-71.120641299999988,43.712214800000027],[-71.121074399999941,43.71252110000006],[-71.122331299999985,43.713469200000077],[-71.122906399999977,43.713930800000071],[-71.123464999999953,43.714759000000072],[-71.123613499999976,43.715851100000066],[-71.12356699999998,43.716553000000033],[-71.123569099999941,43.716711100000055],[-71.12357419999995,43.71710790000003],[-71.123578299999963,43.717423800000063],[-71.123581499999943,43.71766800000006],[-71.123652099999958,43.718363400000044],[-71.124366599999973,43.721898700000054],[-71.125191499999971,43.725635700000055],[-71.125234499999976,43.725766800000031],[-71.125891899999942,43.727507100000025],[-71.126917899999967,43.729312900000025],[-71.128083599999968,43.730809300000033],[-71.128415799999971,43.731197200000054],[-71.129123999999933,43.732115000000078],[-71.129598999999985,43.73317000000003],[-71.129741999999965,43.734209000000078],[-71.129614199999935,43.73538190000005],[-71.129396699999972,43.736993000000041],[-71.128885399999945,43.741052800000034],[-71.128843999999958,43.741809000000046],[-71.129060999999979,43.742780000000039],[-71.129702999999949,43.744007000000067],[-71.130791999999985,43.745621000000028],[-71.133567999999968,43.74910200000005],[-71.134881999999948,43.750767000000053],[-71.135314999999935,43.751321000000075],[-71.136537999999973,43.752834000000064],[-71.136897699999963,43.75322680000005],[-71.137448399999982,43.753775100000041],[-71.137730799999986,43.754049700000053],[-71.13817199999994,43.754412900000034],[-71.138811999999973,43.754877000000079],[-71.141010399999971,43.756363900000053],[-71.141285299999936,43.756535800000051],[-71.141357999999968,43.756590000000074],[-71.141499999999951,43.756682000000069],[-71.14187499999997,43.756934800000067],[-71.143472499999973,43.757994300000064],[-71.144233999999983,43.758490700000038],[-71.144799399999954,43.758852900000079],[-71.145017499999938,43.758992600000056],[-71.145399399999974,43.759238900000071],[-71.146188499999937,43.759706100000074],[-71.148105799999939,43.760768000000041],[-71.148965999999973,43.761237000000051],[-71.149568999999985,43.761568000000068],[-71.151430999999945,43.762601000000075],[-71.151954999999987,43.76288100000005],[-71.152252999999973,43.763040000000046],[-71.152508999999952,43.763177000000042],[-71.153286099999946,43.763607900000068],[-71.154357399999981,43.764195500000028],[-71.156933999999978,43.765708800000027],[-71.157564999999977,43.766149000000041],[-71.159609899999964,43.76809940000004],[-71.159687699999949,43.76819160000008],[-71.160502899999983,43.769345600000065],[-71.161196599999982,43.770664000000068],[-71.161432599999955,43.77112580000005],[-71.161559299999965,43.771405300000026],[-71.161581299999966,43.77144990000005],[-71.161741999999947,43.77177590000008],[-71.162290899999959,43.772862600000053],[-71.162587099999939,43.773573900000031],[-71.162902799999983,43.77425640000007],[-71.163076499999988,43.774632000000054],[-71.163461799999936,43.775438700000052],[-71.163495999999952,43.775509600000078],[-71.163910899999962,43.776277600000071],[-71.164269199999978,43.776830600000039],[-71.164469499999939,43.777058400000044],[-71.165107999999975,43.777630600000066],[-71.165553999999986,43.778071000000068],[-71.167478999999958,43.780396000000053],[-71.16812079999994,43.781324100000063],[-71.168413199999975,43.78174690000003],[-71.168916399999944,43.782516300000054],[-71.169426099999953,43.78336500000006],[-71.170883999999944,43.786125000000027],[-71.171469899999977,43.786960100000044],[-71.171766999999988,43.787315000000035],[-71.171977999999967,43.787543000000028],[-71.172975999999949,43.788421000000028],[-71.173580099999981,43.788853900000049],[-71.174291599999947,43.789358500000048],[-71.175634999999943,43.790306000000044],[-71.176522199999965,43.790938600000061],[-71.178043999999943,43.791990000000055],[-71.178587799999946,43.792310200000031],[-71.180726999999933,43.793623000000025],[-71.181483299999968,43.794844900000044],[-71.181577999999945,43.795454000000063],[-71.181292499999984,43.797112100000049],[-71.18124899999998,43.797326000000055],[-71.181074199999955,43.798155100000031],[-71.18046099999998,43.801095000000032],[-71.180513099999985,43.801911000000075],[-71.180837999999937,43.802710000000047],[-71.181485399999985,43.803548000000035],[-71.181746899999951,43.803882000000044],[-71.183177099999966,43.805540700000051],[-71.185988299999963,43.808379200000047],[-71.187463699999967,43.810009300000047],[-71.187783999999965,43.810444100000041],[-71.189857899999936,43.813653100000067],[-71.190197299999966,43.814060700000027],[-71.191026699999952,43.814705100000026],[-71.193450899999959,43.81580450000007],[-71.195717599999966,43.81678560000006],[-71.196371299999953,43.817082000000028],[-71.197885399999961,43.817751800000053],[-71.198957199999938,43.818219600000077],[-71.199363799999958,43.818452500000035],[-71.200091999999984,43.818841600000042],[-71.200316899999962,43.81898110000003],[-71.200743699999975,43.819257400000026],[-71.201026499999955,43.819467300000042],[-71.201123499999937,43.819540700000061],[-71.201364899999987,43.819723600000032],[-71.201671399999952,43.819970800000078],[-71.201780099999951,43.820060700000056],[-71.201904699999943,43.82016370000008],[-71.202202899999975,43.820399000000066],[-71.202298599999949,43.820478300000048],[-71.202553199999954,43.820705500000031],[-71.20270469999997,43.820822900000053],[-71.203053899999986,43.821096700000055],[-71.203946899999949,43.821765900000059],[-71.20429699999994,43.822044000000062],[-71.20461819999997,43.82231100000007],[-71.205630199999973,43.823125300000072],[-71.206735999999978,43.824267000000077],[-71.207385999999985,43.825440000000071],[-71.207492999999943,43.825844000000075],[-71.207506799999976,43.82593200000008],[-71.207609999999988,43.826729000000057],[-71.207614199999966,43.826772000000062],[-71.207691999999952,43.827571000000034],[-71.208461499999942,43.835642600000028],[-71.208479999999952,43.835867300000075],[-71.208493299999986,43.83627720000004],[-71.208022899999946,43.83869640000006],[-71.207589399999961,43.840176900000074],[-71.207363699999974,43.840667000000053],[-71.207311799999957,43.840779700000041],[-71.207162299999936,43.84110140000007],[-71.206731499999933,43.842026100000055],[-71.206449999999961,43.842614600000047],[-71.206110099999933,43.843434000000059],[-71.205937199999937,43.843931200000043],[-71.205619499999955,43.845763700000077],[-71.205720799999938,43.848222400000054],[-71.205737199999987,43.848481800000059],[-71.205741999999987,43.84855820000007],[-71.206013299999938,43.852982000000054],[-71.206281799999942,43.857206400000052],[-71.207009699999958,43.858986700000059],[-71.208432099999982,43.860721000000069],[-71.208757299999945,43.861136100000067],[-71.209769799999947,43.86239020000005],[-71.210104899999976,43.862716100000057],[-71.21097919999994,43.863595600000053],[-71.212614899999949,43.865080500000033],[-71.213202599999988,43.865787600000033],[-71.214484699999957,43.868002900000079],[-71.214868999999965,43.87068400000004],[-71.215596699999935,43.872078600000066],[-71.215663999999947,43.872160000000065],[-71.216571599999952,43.873152300000072],[-71.217017599999963,43.873647100000028],[-71.217791899999952,43.87447590000005],[-71.219182299999943,43.87560730000007],[-71.220065899999952,43.876895600000068],[-71.220171799999946,43.87716290000003],[-71.220325399999979,43.877607600000033],[-71.220497499999965,43.877962400000058],[-71.221215599999937,43.878960900000038],[-71.222404199999971,43.879876900000056],[-71.223023599999976,43.88088810000005],[-71.223203699999942,43.881221700000026],[-71.224249999999984,43.882565700000043],[-71.22515199999998,43.883561900000075],[-71.225793999999951,43.883978200000058],[-71.225937199999976,43.884054300000059],[-71.226021399999979,43.884090800000081],[-71.227363399999945,43.884709300000054],[-71.228191899999956,43.885394900000051],[-71.228689599999939,43.886268500000028],[-71.228795199999979,43.887303000000031],[-71.228156999999953,43.889867000000038],[-71.227972799999975,43.890567800000042],[-71.227813999999967,43.891187200000047],[-71.227665799999954,43.891814600000032],[-71.22751999999997,43.892375600000037],[-71.227352199999984,43.893212600000027],[-71.227430099999935,43.894329300000038],[-71.227991699999961,43.895375200000046],[-71.228902299999959,43.896375800000044],[-71.229582599999958,43.897262600000033],[-71.23037359999995,43.89933990000003],[-71.232517199999961,43.904977900000063],[-71.233286299999975,43.907082400000036],[-71.233522599999958,43.907668400000034],[-71.233593999999982,43.907822000000067],[-71.234234299999969,43.908885500000054],[-71.235366699999986,43.910274500000071],[-71.237477899999988,43.912946600000055],[-71.237718699999959,43.913671400000055],[-71.237700299999972,43.914610700000026],[-71.237251899999933,43.91560910000004],[-71.236609099999953,43.916286400000047],[-71.235751899999968,43.916828600000031],[-71.23396809999997,43.917626900000073],[-71.231828099999973,43.918505400000072],[-71.229374499999949,43.91885700000006],[-71.228278499999988,43.919270400000073],[-71.227175599999953,43.920154100000047],[-71.226873999999953,43.920402700000068],[-71.224816399999952,43.922138100000041],[-71.223961999999972,43.922917900000073],[-71.223248999999953,43.924038000000053],[-71.223039899999947,43.925211000000047],[-71.223208299999953,43.926410700000076],[-71.223220799999979,43.926480300000037],[-71.223374499999977,43.928080400000056],[-71.223341099999971,43.929868900000031],[-71.223327299999937,43.930939900000055],[-71.223389899999972,43.932394200000033],[-71.22347259999998,43.932954100000075],[-71.224180899999965,43.935418200000072],[-71.224434899999949,43.936207000000081],[-71.225096899999983,43.938302900000053],[-71.225239599999952,43.93917730000004],[-71.225120999999945,43.940220000000068],[-71.224839999999972,43.940967000000057],[-71.22470409999994,43.941253400000051],[-71.22456139999997,43.941483900000037],[-71.224496999999985,43.941580900000076],[-71.223858699999937,43.942356700000062],[-71.223024399999986,43.943059300000073],[-71.222082899999975,43.943803000000059],[-71.220429799999977,43.945071000000041],[-71.219173999999953,43.946267000000034],[-71.218228199999942,43.947478100000069],[-71.217020199999979,43.949111600000037],[-71.216986999999961,43.949157200000059],[-71.215470399999958,43.951997700000049],[-71.214945999999941,43.952486000000079],[-71.213813899999934,43.953103500000054],[-71.213055199999985,43.953493700000081],[-71.212180399999966,43.953960800000061],[-71.211885499999937,43.954111600000033],[-71.210928599999988,43.954743200000053],[-71.209313399999985,43.956429000000071],[-71.208288799999934,43.957043800000065],[-71.208146599999964,43.957102100000043],[-71.207073499999979,43.957362900000078],[-71.204946199999938,43.957738600000027],[-71.203146999999944,43.958015000000046],[-71.200669099999971,43.958161000000075],[-71.198881799999981,43.958911900000032],[-71.197089399999982,43.959779000000026],[-71.195696999999939,43.960099000000071],[-71.194157899999936,43.960089500000038],[-71.189669399999957,43.959360400000037],[-71.182565399999987,43.959636200000034],[-71.181404999999984,43.959372300000041],[-71.179369799999961,43.958461500000055],[-71.177878099999987,43.958015300000056],[-71.175847499999975,43.957816100000059],[-71.173549099999946,43.957958200000064],[-71.171613999999977,43.958220200000028],[-71.169520199999965,43.95843780000007],[-71.168559899999934,43.958308600000066],[-71.167557299999942,43.957976200000076],[-71.167315599999938,43.95789080000003],[-71.16680759999997,43.957753900000057],[-71.164802599999973,43.957641800000033],[-71.161731599999939,43.958321800000078],[-71.158707099999958,43.958453200000065],[-71.157860999999968,43.95861560000003],[-71.156359299999963,43.958994800000028],[-71.153362299999969,43.959189900000069],[-71.151510499999972,43.959579100000042],[-71.151378499999964,43.959623000000079],[-71.151109499999961,43.959720400000037],[-71.150925299999983,43.959792400000026],[-71.14994269999994,43.960265600000071],[-71.148872899999958,43.961016800000039],[-71.147861199999966,43.962058600000034],[-71.147805699999935,43.962119500000028],[-71.147399499999949,43.962575500000071],[-71.147232499999973,43.96277230000004],[-71.146808699999951,43.96335520000008],[-71.146108799999979,43.964656600000069],[-71.145966099999953,43.965034900000035],[-71.145864499999959,43.965380800000048],[-71.145688299999961,43.965954900000042],[-71.145656899999949,43.966062400000055],[-71.145623599999965,43.966176400000052],[-71.145456299999978,43.966748700000039],[-71.144739499999957,43.968792600000029],[-71.14390469999995,43.970711100000074],[-71.143814299999974,43.970953700000052],[-71.14317079999995,43.972448700000029],[-71.142675599999961,43.973233700000037],[-71.142536699999937,43.973393300000055],[-71.142449399999975,43.973481800000059],[-71.142176699999936,43.973750900000027],[-71.141927399999986,43.973968300000081],[-71.141753899999969,43.97411290000008],[-71.140487199999939,43.974845500000072],[-71.138670799999943,43.975760000000037],[-71.135053699999958,43.977507700000046],[-71.133475999999973,43.978263000000027],[-71.132454099999961,43.978593700000033],[-71.132079999999974,43.978671000000077],[-71.130117999999982,43.97877770000008],[-71.129174099999943,43.978757500000029],[-71.129007999999942,43.97875300000004],[-71.127682999999934,43.978726000000051],[-71.125081999999964,43.978674000000069],[-71.124410999999952,43.978657000000055],[-71.123343299999988,43.978631800000073],[-71.12326749999994,43.978630700000053],[-71.120727799999941,43.978616700000032],[-71.119869999999935,43.978688100000056],[-71.119807999999978,43.978693300000032],[-71.119392299999959,43.978725200000042],[-71.119081299999948,43.97874900000005],[-71.11846799999995,43.97879800000004],[-71.117686099999958,43.978832000000068],[-71.117478199999937,43.978845600000056],[-71.117401899999948,43.978817200000037],[-71.117010499999935,43.978825100000051],[-71.116994199999965,43.978895900000055],[-71.116740999999934,43.979215000000067],[-71.116471799999943,43.979579900000033],[-71.11529749999994,43.981121700000074],[-71.114785099999949,43.981754100000046],[-71.114539999999977,43.982095000000072],[-71.112624199999971,43.984580600000072],[-71.112477099999978,43.984772400000054],[-71.111364899999955,43.986377300000072],[-71.110350899999958,43.988729900000067],[-71.110239199999967,43.988980000000026],[-71.109964199999979,43.989991100000054],[-71.110258299999941,43.991144400000053],[-71.110705999999936,43.991801600000031],[-71.111170299999969,43.992744500000072],[-71.111183799999935,43.993849100000034],[-71.11105619999995,43.994268400000067],[-71.110901399999989,43.994570800000076],[-71.109901599999944,43.996549600000037],[-71.109851599999956,43.997578200000078],[-71.110118099999966,43.998384000000044],[-71.110547999999937,43.999054300000068],[-71.110604799999976,43.999125100000072],[-71.11067799999995,43.99921640000008],[-71.110735099999943,43.999285400000076],[-71.111109099999965,43.999771400000043],[-71.11215199999998,44.001373800000067],[-71.113595099999941,44.004252600000029],[-71.114482799999962,44.006380000000036],[-71.114509599999963,44.007643200000075],[-71.11406489999996,44.00888580000003],[-71.113094699999976,44.011471100000051],[-71.113081899999941,44.01150830000006],[-71.113059899999939,44.01156670000006],[-71.113047799999947,44.011618100000078],[-71.112900599999989,44.01241280000005],[-71.112946199999953,44.013170200000047],[-71.114182099999937,44.016361000000074],[-71.11416909999997,44.01650200000006],[-71.11422239999996,44.016616400000032],[-71.114292999999975,44.016799100000071],[-71.114368499999955,44.016980100000069],[-71.114526499999954,44.01742390000004],[-71.114561299999934,44.017523600000061],[-71.11481589999994,44.018122000000062],[-71.114952799999969,44.01826120000004],[-71.115084799999977,44.018598900000029],[-71.115107699999953,44.01865330000004],[-71.115216099999941,44.018916000000047],[-71.115342599999963,44.019202700000051],[-71.115441899999951,44.019442800000036],[-71.115600799999982,44.019801000000029],[-71.115737999999965,44.020138300000042],[-71.11586699999998,44.020439200000055],[-71.116193399999986,44.021201800000028],[-71.116718599999956,44.02248620000006],[-71.116979799999967,44.023128600000064],[-71.117549899999972,44.024493300000074],[-71.117780799999935,44.02505270000006],[-71.117995099999973,44.025607000000036],[-71.118062299999963,44.025764500000037],[-71.118123999999966,44.02590900000007],[-71.118177899999978,44.026035100000058],[-71.118258999999966,44.026225000000068],[-71.118331199999943,44.026393300000052],[-71.118351999999959,44.026443000000029],[-71.118563299999948,44.026963400000056],[-71.11863859999994,44.027148700000055],[-71.118655299999944,44.027190300000029],[-71.118673499999943,44.027235500000074],[-71.118861399999957,44.027693100000079],[-71.119699599999933,44.02957710000004],[-71.120375999999965,44.031327500000032],[-71.120415999999977,44.031439600000056],[-71.120459399999959,44.031561000000067],[-71.120597499999974,44.031987300000026],[-71.12077979999998,44.032500200000072],[-71.120978499999978,44.033072200000049],[-71.121107199999983,44.033437700000036],[-71.12116089999995,44.033602100000053],[-71.121266799999944,44.033925900000042],[-71.121386599999937,44.034244800000067],[-71.121543499999973,44.034740900000031],[-71.121668899999975,44.035188600000026],[-71.121750999999961,44.035482000000059],[-71.121801499999947,44.035630100000049],[-71.122208099999966,44.036756400000058],[-71.122566999999947,44.037826000000052],[-71.122667399999955,44.038128800000038],[-71.122698999999955,44.038224000000071],[-71.122814099999971,44.038518900000042],[-71.12301999999994,44.039030000000025],[-71.124071999999956,44.041081000000077],[-71.12422909999998,44.041486700000064],[-71.124316099999987,44.041826700000058],[-71.124370199999987,44.04211870000006],[-71.124508599999956,44.042776300000071],[-71.124587799999972,44.043265600000041],[-71.124656899999934,44.043718200000058],[-71.124664199999984,44.043766100000028],[-71.124709499999938,44.044128200000046],[-71.124743399999943,44.044360100000063],[-71.124763199999961,44.044560900000079],[-71.124770599999977,44.044665500000065],[-71.124307999999985,44.047015900000076],[-71.124615999999946,44.048275000000046],[-71.124683299999958,44.048468200000059],[-71.124745698999959,44.048644003000049]],[[-71.124745698999959,44.048644003000049],[-71.124913999999933,44.049028000000078],[-71.125048999999933,44.049336000000039],[-71.125266099999976,44.049650900000074],[-71.125456799999938,44.049908100000039],[-71.125770999999986,44.050322000000051],[-71.126274599999988,44.050948400000038],[-71.126780799999949,44.051604500000053],[-71.12705619999997,44.05195660000004],[-71.127178799999967,44.052110800000037],[-71.127312268999958,44.052278811000065]],[[-71.127312268999958,44.052278811000065],[-71.127178799999967,44.052110800000037],[-71.12705619999997,44.05195660000004],[-71.125456799999938,44.049908100000039],[-71.125266099999976,44.049650900000074],[-71.125048999999933,44.049336000000039],[-71.124913999999933,44.049028000000078],[-71.124615999999946,44.048275000000046],[-71.124307999999985,44.047015900000076],[-71.124770599999977,44.044665500000065],[-71.124763199999961,44.044560900000079],[-71.124743399999943,44.044360100000063],[-71.124587799999972,44.043265600000041],[-71.124128999999982,44.041201000000058],[-71.123193999999955,44.039430000000038],[-71.122566999999947,44.037826000000052],[-71.122208099999966,44.036756400000058],[-71.121801499999947,44.035630100000049],[-71.120459399999959,44.031561001000057],[-71.120375999999965,44.031327500000032],[-71.119699599999933,44.02957710000004],[-71.11863859999994,44.027148700000055],[-71.118563299999948,44.026963400000056],[-71.118351999999959,44.026443000000029],[-71.118331199999943,44.026393300000052],[-71.118258999999966,44.026225000000068],[-71.118177899999978,44.026035100000058],[-71.118123999999966,44.02590900000007],[-71.118062299999963,44.025764500000037],[-71.117995099999973,44.025607000000036],[-71.117780799999935,44.02505270000006],[-71.117549899999972,44.024493300000074],[-71.116979799999967,44.023128600000064],[-71.116718599999956,44.02248620000006],[-71.116193399999986,44.021201800000028],[-71.11586699999998,44.020439200000055],[-71.115737999999965,44.020138300000042],[-71.115600799999982,44.019801000000029],[-71.115441899999951,44.019442800000036],[-71.115342599999963,44.019202700000051],[-71.115216099999941,44.018916000000047],[-71.115107699999953,44.01865330000004],[-71.115084799999977,44.018598900000029],[-71.114952799999969,44.01826120000004],[-71.114710899999977,44.01749360000008],[-71.114675899999952,44.017388900000071],[-71.114444499999934,44.016820000000052],[-71.114182099999937,44.016361000000074],[-71.113023599999963,44.013546600000041],[-71.112893499999984,44.012550900000065],[-71.113047799999947,44.011618100000078],[-71.113059899999939,44.01156670000006],[-71.113081899999941,44.01150830000006],[-71.113094699999976,44.011471100000051],[-71.11406489999996,44.00888580000003],[-71.114509599999963,44.007643200000075],[-71.114482799999962,44.006380000000036],[-71.113595099999941,44.004252600000029],[-71.11215199999998,44.001373800000067],[-71.111109099999965,43.999771400000043],[-71.110735099999943,43.999285400000076],[-71.11067799999995,43.99921640000008],[-71.110604799999976,43.999125100000072],[-71.110547999999937,43.999054300000068],[-71.110118099999966,43.998384000000044],[-71.109851599999956,43.997578200000078],[-71.109901599999944,43.996549600000037],[-71.110901399999989,43.994570800000076],[-71.11105619999995,43.994268400000067],[-71.111183799999935,43.993849100000034],[-71.111170299999969,43.992744500000072],[-71.110705999999936,43.991801600000031],[-71.110258299999941,43.991144400000053],[-71.109964199999979,43.989991100000054],[-71.110239199999967,43.988980000000026],[-71.111364899999955,43.986377300000072],[-71.112477099999978,43.984772400000054],[-71.112624199999971,43.984580600000072],[-71.114539999999977,43.982095000000072],[-71.114785099999949,43.981754100000046],[-71.11529749999994,43.981121700000074],[-71.116471799999943,43.979579900000033],[-71.116740999999934,43.979215000000067],[-71.116994199999965,43.978895900000055],[-71.117409899999984,43.978880400000037],[-71.117478199999937,43.978845600000056],[-71.117686099999958,43.978832000000068],[-71.11846799999995,43.97879800000004],[-71.119081299999948,43.97874900000005],[-71.119392299999959,43.978725200000042],[-71.119807999999978,43.978693300000032],[-71.120727799999941,43.978616700000032],[-71.12326749999994,43.978630700000053],[-71.123343299999988,43.978631800000073],[-71.124410999999952,43.978657000000055],[-71.125081999999964,43.978674000000069],[-71.127682999999934,43.978726000000051],[-71.129007999999942,43.97875300000004],[-71.129174099999943,43.978757500000029],[-71.130117999999982,43.97877770000008],[-71.132079999999974,43.978671000000077],[-71.132454099999961,43.978593700000033],[-71.133475999999973,43.978263000000027],[-71.133983799999953,43.978746300000068],[-71.134428999999955,43.979170000000067],[-71.135438999999963,43.980146000000047],[-71.137350799999979,43.981925100000069],[-71.137543699999981,43.982085200000029],[-71.139911999999981,43.983723000000055],[-71.142025999999987,43.984956000000068],[-71.143418999999938,43.985329000000036],[-71.145410099999935,43.985759700000074],[-71.147188999999969,43.986170000000072],[-71.149968599999966,43.987245200000075],[-71.151557099999934,43.987764600000048],[-71.16053409999995,43.989327700000047],[-71.162259099999972,43.989447400000074],[-71.162804799999947,43.98930990000008],[-71.164434299999982,43.989084600000069],[-71.166182299999946,43.98940250000004],[-71.169613699999957,43.99094290000005],[-71.170627599999989,43.991147400000045],[-71.175003999999944,43.990591900000027],[-71.176931499999966,43.990030200000035],[-71.179969899999946,43.990690500000028],[-71.180982099999937,43.990659400000027],[-71.182236499999988,43.990385500000059],[-71.184578499999986,43.990528100000063],[-71.184720599999935,43.990538000000072],[-71.184720600999981,43.990538000000072],[-71.187311099999988,43.990649000000076],[-71.194341099999974,43.989612300000033],[-71.201042499999971,43.989934600000026],[-71.202652099999966,43.990516500000069],[-71.206086899999946,43.992494800000031],[-71.206934499999988,43.992811400000051],[-71.210327399999983,43.993471400000033],[-71.212470499999938,43.993332400000043],[-71.214824799999974,43.993528300000037],[-71.215651599999944,43.993475200000034],[-71.217327999999952,43.993207000000041],[-71.217950299999984,43.993264900000042],[-71.218907799999954,43.993610300000057],[-71.224387599999943,43.996425500000043],[-71.225734099999954,43.997783900000059],[-71.226337499999943,43.998160200000029],[-71.229086799999948,43.998943500000053],[-71.230891899999961,44.000431100000071],[-71.233096999999987,44.001056000000062],[-71.235119599999962,44.000897800000075],[-71.235936999999979,44.001039000000048],[-71.238961999999958,44.002040000000079],[-71.240573999999981,44.003058000000067],[-71.241571099999987,44.004186900000036],[-71.241600999999946,44.004230000000064],[-71.242079799999942,44.005218400000047],[-71.242610999999954,44.006441000000052],[-71.24138309999995,44.005773500000032],[-71.240862799999945,44.005790500000046],[-71.240737938999985,44.005823123000027]],[[-71.240737938999985,44.005823123000027],[-71.240862799999945,44.005790500000046],[-71.24138309999995,44.005773500000032],[-71.242610999999954,44.006441000000052],[-71.243633999999986,44.008795900000052],[-71.243951599999946,44.011244400000066],[-71.244564299999979,44.012951300000054],[-71.245723399999974,44.015582000000052],[-71.246330699999987,44.016167200000041],[-71.247235399999965,44.016604400000062],[-71.248433599999942,44.01680760000005],[-71.249619099999961,44.01670340000004],[-71.252236899999957,44.016460400000028],[-71.253154299999949,44.016132500000026],[-71.255020999999942,44.014955800000052],[-71.257617499999981,44.014693500000078],[-71.258089499999983,44.014377200000069],[-71.258690399999978,44.013231400000052],[-71.259162299999957,44.012915000000078],[-71.259671999999966,44.012795400000073],[-71.261994799999968,44.012785800000074],[-71.263622899999973,44.011414200000047],[-71.264939899999945,44.010970500000042],[-71.26758719999998,44.010679200000027],[-71.268088799999987,44.010443900000041],[-71.269609599999967,44.009257400000081],[-71.27171519999996,44.008177200000034],[-71.275264999999933,44.007385000000056],[-71.276379499999962,44.007096800000056],[-71.277259299999969,44.006363800000031],[-71.27742829999994,44.005798500000026],[-71.277307599999972,44.004241600000057]],[[-71.277307599999972,44.004241600000057],[-71.277286199999935,44.004085600000053],[-71.277157299999942,44.002813900000035],[-71.277050899999949,44.00165990000005],[-71.277039299999956,44.001525100000038],[-71.276899899999933,43.999923600000045],[-71.276953499999934,43.999522300000081],[-71.277232499999968,43.999043800000038],[-71.27731289999997,43.998951300000044],[-71.277671599999962,43.998593400000061],[-71.279234799999983,43.997334500000079],[-71.280766399999948,43.996163600000045],[-71.28328769999996,43.995777800000042],[-71.285095499999954,43.995071600000074],[-71.286769199999981,43.994064300000048],[-71.288330199999962,43.993338700000038],[-71.290288199999964,43.992096100000026],[-71.291395999999963,43.991671500000052],[-71.298602399999936,43.990368500000045],[-71.298771999999985,43.990340100000026],[-71.300216999999975,43.990139000000056],[-71.303004699999974,43.989697600000056],[-71.305912499999977,43.989237700000047],[-71.306082999999944,43.989212400000042],[-71.307255199999986,43.988980500000025],[-71.308953699999961,43.988495200000045],[-71.30971169999998,43.988456000000042],[-71.31543929999998,43.988823300000035],[-71.323970999999972,43.991622000000064],[-71.324797699999976,43.991893600000026],[-71.329064499999959,43.993324100000052],[-71.331108799999981,43.993979400000057],[-71.33390129999998,43.994571900000039],[-71.343369199999984,43.995936000000029],[-71.343917599999941,43.995961700000066],[-71.344504599999937,43.995969400000035],[-71.350410899999986,43.996128100000078],[-71.351199799999961,43.996161900000061],[-71.351348499999972,43.996170500000062],[-71.35228479999995,43.996350000000064],[-71.355091399999935,43.997522300000071],[-71.356064199999935,43.997728900000027],[-71.356296699999973,43.997742500000072],[-71.36421299999995,43.99673800000005],[-71.365866899999958,43.996505700000057],[-71.369487799999945,43.99605420000006],[-71.372761299999979,43.995244500000069],[-71.372963999999968,43.99521290000007],[-71.373607599999957,43.995170500000029],[-71.374862899999982,43.995367800000054],[-71.377388499999938,43.996024500000033],[-71.378497799999934,43.996324000000072],[-71.382740199999944,43.997389600000076],[-71.388459299999965,43.997113200000058],[-71.391735399999959,43.997462300000052],[-71.392583199999933,43.997577600000056],[-71.393503399999986,43.997693100000049],[-71.395850699999983,43.99802290000008]],[[-71.395850699999983,43.99802290000008],[-71.397272299999941,43.998380500000053],[-71.398494399999947,43.998766200000034],[-71.400894999999934,43.999499300000025],[-71.405452099999934,44.000589400000081],[-71.410926399999937,44.001340000000027],[-71.412774499999955,44.001820400000042],[-71.417232399999989,44.003522100000055],[-71.420326899999964,44.004491300000041],[-71.423146599999939,44.005322100000058],[-71.42394059999998,44.005692400000044],[-71.424514499999987,44.006174800000053],[-71.425669099999936,44.007631100000026],[-71.427510199999972,44.00915260000005],[-71.427953099999968,44.009846000000039],[-71.428092599999957,44.010693400000036],[-71.427970999999957,44.011255000000062],[-71.427068799999972,44.013307700000041],[-71.427041199999962,44.013875800000051],[-71.427255799999955,44.014556700000071],[-71.427743899999939,44.015195200000051],[-71.428478899999959,44.015717900000027],[-71.431785899999966,44.016795200000047],[-71.433125099999984,44.017319100000066],[-71.434244599999943,44.018068800000037],[-71.437056599999949,44.020539900000074],[-71.438665899999933,44.021539100000041],[-71.439945299999977,44.02203860000003],[-71.441026199999953,44.022272000000044],[-71.441903299999979,44.022287400000039],[-71.442952099999957,44.022098400000061],[-71.445344599999942,44.021265200000073],[-71.447750999999982,44.020817000000079],[-71.448689299999955,44.02046480000007],[-71.449483199999975,44.019907400000079],[-71.450590999999974,44.018426000000034],[-71.451170199999979,44.017874400000039],[-71.452827999999954,44.017091300000061],[-71.456726799999956,44.016505300000063],[-71.458675199999959,44.016404500000078],[-71.461158899999987,44.016713200000027],[-71.46246199999996,44.017419400000051],[-71.463043299999981,44.018175900000074],[-71.463754999999935,44.019991000000061],[-71.464641999999969,44.020990400000073],[-71.466544099999965,44.021976300000063],[-71.468572399999971,44.022522700000025],[-71.47168389999996,44.022922000000051],[-71.475857399999938,44.023062800000048],[-71.477246799999989,44.022683000000029],[-71.478217799999982,44.021606500000075],[-71.478775699999971,44.021326900000076],[-71.479704499999968,44.021382200000062],[-71.481181999999933,44.022175000000061],[-71.482084999999984,44.022291000000052],[-71.482788199999959,44.022119600000053],[-71.485065799999973,44.020938800000067],[-71.486358299999949,44.020723200000077],[-71.491263999999944,44.021147600000063],[-71.491836199999966,44.021428200000059],[-71.492325199999982,44.02193120000004],[-71.492640799999947,44.023149800000056],[-71.492256599999962,44.023359800000037],[-71.492064707999987,44.023528072000033]],[[-71.492064707999987,44.023528072000033],[-71.49201759999994,44.023613000000068],[-71.492105799999933,44.023750800000073],[-71.49229779999996,44.023730700000044],[-71.492256599999962,44.023359800000037],[-71.492640799999947,44.023149800000056],[-71.492694899999947,44.023456100000033],[-71.492906999999946,44.024700000000053],[-71.493335699999989,44.025791600000048],[-71.494464899999969,44.02687590000005],[-71.494691399999965,44.02660590000005]],[[-71.494691399999965,44.02660590000005],[-71.494464899999969,44.02687590000005],[-71.497813999999948,44.029492600000026],[-71.498915299999965,44.03092040000007],[-71.499133499999971,44.031515500000069],[-71.499051299999962,44.032106000000056],[-71.498572999999965,44.032763200000034],[-71.496046399999955,44.034460100000047],[-71.495871999999963,44.034963400000038],[-71.496063599999957,44.035395000000051],[-71.496437599999979,44.03567890000005],[-71.499932899999976,44.037074800000028],[-71.500878999999941,44.037263000000053],[-71.501442899999972,44.037105600000075],[-71.501847999999939,44.036748900000077],[-71.501978099999974,44.035595200000046],[-71.502199399999938,44.035079100000075],[-71.502630199999942,44.034666900000047],[-71.503183699999965,44.034388700000079],[-71.506276999999955,44.033711700000026],[-71.509217699999965,44.033491400000059],[-71.510689299999967,44.033627700000068],[-71.516742599999986,44.035038300000053],[-71.519446999999957,44.036644200000069],[-71.52208939999997,44.038938200000075],[-71.522608299999945,44.039533300000073],[-71.522953299999983,44.040269900000055],[-71.523207199999945,44.040319500000066],[-71.523453869999969,44.040905015000078]],[[-71.523453869999969,44.040905015000078],[-71.523207199999945,44.040319500000066],[-71.522953299999983,44.040269900000055],[-71.523171599999955,44.041079600000046],[-71.52330569999998,44.041359200000045],[-71.523656899999935,44.041526800000042],[-71.524276499999985,44.041336000000058],[-71.524357099999975,44.041027500000041],[-71.523968899999943,44.04042510000005],[-71.522485599999982,44.038198400000056],[-71.521674099999984,44.037356000000045],[-71.519766299999958,44.034902000000045],[-71.517308199999945,44.032971500000031],[-71.516919299999984,44.032315800000049],[-71.516825499999982,44.031746800000064],[-71.517074899999955,44.030886900000041],[-71.517622099999983,44.030244700000026],[-71.518365099999983,44.029818400000067],[-71.519286399999942,44.02961410000006],[-71.519700799999953,44.029592900000068],[-71.520479099999989,44.029691100000036],[-71.522551999999962,44.030326000000059],[-71.525844999999947,44.032207000000028],[-71.528004899999985,44.034685700000068],[-71.529373999999962,44.035509000000047],[-71.532953599999985,44.037364100000048],[-71.533839099999966,44.037590300000033],[-71.535748799999965,44.037749000000076],[-71.537833199999966,44.038043800000025],[-71.540485999999987,44.03928940000003],[-71.54318399999994,44.03976700000004],[-71.544417599999974,44.040150600000061],[-71.544545599999935,44.040196800000047],[-71.547375398999975,44.041176000000064],[-71.551713399999983,44.042653700000074],[-71.556729899999937,44.045700600000032],[-71.55954289999994,44.04697370000008],[-71.561548599999981,44.047883700000057],[-71.564766199999951,44.049624000000051],[-71.567102899999952,44.050717700000064],[-71.571602999999982,44.052171800000053],[-71.573473699999965,44.052753000000052],[-71.574546599999962,44.052911000000051],[-71.580160599999942,44.052693200000078],[-71.581155399999943,44.053000600000075],[-71.582775699999956,44.05407960000008],[-71.583580599999948,44.055485100000055],[-71.583607099999938,44.056775900000048],[-71.583767999999964,44.05732340000003],[-71.584729899999957,44.058500700000025],[-71.58594549999998,44.060802300000034],[-71.586717699999951,44.061715100000072],[-71.589858099999958,44.063788900000077],[-71.590219299999944,44.064057400000081],[-71.590827599999955,44.064468400000067],[-71.592053499999963,44.064915500000041],[-71.594828699999937,44.06523210000006],[-71.601487899999938,44.066006600000037],[-71.603251499999942,44.065975500000036],[-71.604643599999974,44.065634800000055],[-71.612797599999965,44.062656700000048],[-71.615426099999979,44.062157500000069],[-71.618953199999964,44.061621700000046],[-71.621131199999979,44.061585100000059],[-71.622126299999934,44.061396200000047],[-71.623259999999959,44.060821200000078],[-71.62480039999997,44.059372300000064],[-71.626082899999972,44.058497500000044],[-71.627064599999983,44.058070400000076],[-71.628660199999956,44.057775800000059],[-71.630016399999988,44.057795400000032],[-71.632134999999948,44.05810770000005],[-71.633253999999965,44.058038000000067],[-71.635546699999963,44.057489500000031],[-71.638193999999942,44.056808000000046],[-71.641626999999971,44.055697000000066],[-71.646590999999944,44.054588700000068],[-71.652794999999969,44.052462400000081],[-71.65320799999995,44.052329400000076],[-71.654865599999937,44.051814700000079],[-71.655172099999959,44.051756900000044],[-71.657188399999939,44.051519800000051],[-71.658679699999936,44.051034800000025],[-71.658921099999986,44.05092030000003],[-71.661161099999958,44.049201200000027],[-71.662363999999968,44.048440800000037],[-71.663689899999952,44.047888600000078],[-71.664942999999937,44.04724600000003],[-71.666332499999953,44.046150100000034],[-71.667380999999978,44.045272000000068],[-71.667883599999982,44.044847300000072],[-71.668426999999951,44.044378000000052],[-71.668524999999988,44.044289000000049],[-71.668621199999961,44.044201600000065],[-71.671112699999981,44.042001400000061],[-71.671793699999967,44.041414700000075],[-71.671908599999938,44.041305900000054],[-71.675873999999965,44.037832500000036],[-71.676639299999977,44.036998900000071],[-71.676772299999982,44.036825600000043],[-71.676995999999974,44.03666000000004],[-71.677103999999986,44.036531900000057],[-71.67957599999994,44.037467000000049],[-71.680152999999962,44.03781500000008],[-71.680770999999936,44.038672000000076],[-71.681053899999938,44.040488200000027],[-71.681047499999977,44.040820000000053],[-71.681070999999974,44.041379900000038],[-71.681093199999964,44.042210700000055],[-71.681105999999943,44.042566000000079],[-71.681204199999968,44.045853500000078],[-71.681304999999952,44.04899000000006],[-71.681541999999979,44.054560000000038],[-71.681910999999957,44.055905000000052],[-71.682580999999971,44.057216000000039],[-71.68384599999996,44.058782000000065],[-71.687362999999948,44.062160900000038],[-71.687450899999988,44.062230000000056],[-71.688611999999978,44.063622000000066],[-71.689288699999963,44.065216100000043],[-71.689449999999965,44.066408000000081],[-71.689392999999939,44.067247000000066],[-71.687996999999939,44.073126000000059],[-71.687640999999985,44.07703500000008],[-71.687653999999952,44.077882000000045],[-71.68774899999994,44.082079000000078],[-71.687483999999984,44.08400510000007],[-71.687092999999948,44.085377000000051],[-71.68617439999997,44.087584700000036],[-71.686135299999933,44.087676200000033],[-71.685945099999969,44.088120900000035],[-71.685417099999938,44.089070100000072],[-71.684611699999948,44.090616100000034],[-71.683715499999948,44.091324500000042],[-71.683132299999954,44.091734400000064],[-71.682927799999959,44.092153800000062],[-71.683240499999954,44.094025000000045],[-71.683188099999938,44.094279400000062],[-71.682971299999963,44.095331100000067],[-71.682927399999983,44.095627400000069],[-71.682661899999971,44.096982900000057],[-71.682417799999939,44.098335100000043],[-71.682579199999964,44.09979560000005],[-71.68218029999997,44.099927800000046],[-71.681982099999971,44.099592500000028],[-71.681160499999976,44.09916000000004],[-71.679398099999958,44.098645900000065]],[[-71.679398099999958,44.098645900000065],[-71.681160499999976,44.09916000000004],[-71.681982099999971,44.099592500000028],[-71.68218029999997,44.099927800000046],[-71.682579199999964,44.09979560000005],[-71.68276069999996,44.100971100000038],[-71.682689299999936,44.102862800000025],[-71.682603599999936,44.104661100000044],[-71.682786999999962,44.106078000000025],[-71.68236799999994,44.10848500000003],[-71.682135999999957,44.109547200000065],[-71.682072999999946,44.109850000000051],[-71.682048599999973,44.109991000000036],[-71.68198289999998,44.110391500000048],[-71.681886999999961,44.112130800000045],[-71.68197269999996,44.113387600000067],[-71.682189599999958,44.117448900000056],[-71.681916999999942,44.122557200000074],[-71.681718999999987,44.125332000000071],[-71.681666599999971,44.126077200000054],[-71.681491999999935,44.127717000000075],[-71.680432999999937,44.130118000000039],[-71.680173999999965,44.131289000000038],[-71.680217999999968,44.132071000000053],[-71.680457999999987,44.132883000000049],[-71.681439999999952,44.134412000000054],[-71.681741899999963,44.13481790000003],[-71.682832099999985,44.136276200000054],[-71.683749899999953,44.137477900000079],[-71.684221999999977,44.138260000000059],[-71.684402999999975,44.139311000000077],[-71.684172999999987,44.140220000000056],[-71.683610699999974,44.141030200000046],[-71.682609799999966,44.142112800000064],[-71.682314499999961,44.142417500000079],[-71.68221699999998,44.142525000000035],[-71.682057899999961,44.142696900000033],[-71.681561999999985,44.14329500000008],[-71.681082299999957,44.144207100000074],[-71.680488199999957,44.147654300000056],[-71.679291399999954,44.150126300000068],[-71.678971399999966,44.151093600000081],[-71.677744999999959,44.15568200000007],[-71.677279299999952,44.156975200000034],[-71.676566999999977,44.158550000000048],[-71.676274899999953,44.15978350000006],[-71.676190099999985,44.161721900000032],[-71.676150099999973,44.163718600000038],[-71.676338999999984,44.164425000000051],[-71.676762899999972,44.165085100000056],[-71.677674999999965,44.165808000000027],[-71.679210199999943,44.166484600000047],[-71.68064899999996,44.167067000000031],[-71.681738999999936,44.167861000000073],[-71.682803999999976,44.169640000000072],[-71.683332999999948,44.170162000000062],[-71.683675999999934,44.170047000000068],[-71.683742999999936,44.170023000000072],[-71.684067999999968,44.169913000000065],[-71.685479999999984,44.169838000000027],[-71.685752299999933,44.169228800000042],[-71.686140899999941,44.16888490000008],[-71.685847399999943,44.168477600000074],[-71.683848099999977,44.167496300000039],[-71.68307539999995,44.167269400000066],[-71.682875232999947,44.167491124000037]],[[-71.682875232999947,44.167491124000037],[-71.682876099999987,44.167517700000076],[-71.683201099999962,44.167809000000034],[-71.684025899999938,44.167885700000056],[-71.684775899999977,44.168197400000054],[-71.685767599999963,44.168606400000044],[-71.68593409999994,44.168898600000034],[-71.685752299999933,44.169228800000042],[-71.685479999999984,44.169838000000027],[-71.685662999999977,44.16987400000005],[-71.68663399999997,44.17018500000006],[-71.687040899999943,44.170511200000078],[-71.687248999999952,44.170625200000075],[-71.687437399999965,44.17072840000003],[-71.687608699999942,44.170834100000036],[-71.687896799999976,44.171112000000051],[-71.688037799999961,44.171261500000071],[-71.688269999999989,44.171370000000081],[-71.68870499999997,44.171306000000072],[-71.689716099999941,44.171920700000044],[-71.692689599999937,44.172825000000046]],[[-71.692689599999937,44.172825000000046],[-71.689716099999941,44.171920700000044],[-71.68870499999997,44.171306000000072],[-71.688876999999934,44.171108000000061],[-71.688787599999955,44.170764800000029],[-71.688688999999954,44.170694000000026],[-71.688575699999944,44.170644400000072],[-71.688375099999973,44.170547400000032],[-71.68819469999994,44.170417800000052],[-71.688049899999953,44.170319100000029],[-71.68787999999995,44.170223000000078],[-71.687580599999933,44.170121800000061],[-71.687093999999945,44.169985000000054],[-71.68663399999997,44.17018500000006],[-71.685662999999977,44.16987400000005],[-71.685479999999984,44.169838000000027],[-71.684067999999968,44.169913000000065],[-71.683742999999936,44.170023000000072],[-71.683675999999934,44.170047000000068],[-71.683332999999948,44.170162000000062],[-71.684144999999944,44.170644000000038],[-71.686799399999984,44.171487900000045],[-71.687163299999952,44.171639000000027],[-71.687702999999942,44.171914800000025],[-71.688687499999958,44.172838100000035],[-71.68872749999997,44.172899600000051],[-71.689827399999956,44.175363400000037],[-71.690241999999955,44.176071000000036],[-71.690643999999963,44.176625000000058],[-71.691624999999988,44.178081000000077],[-71.691763999999978,44.17927080000004],[-71.691308899999967,44.180216900000062],[-71.689910099999963,44.181375900000035],[-71.689813499999957,44.181444200000044],[-71.689610999999957,44.181589000000031],[-71.686912099999972,44.183482900000058],[-71.685275999999988,44.184677000000079],[-71.685186199999976,44.184741400000064],[-71.684537999999975,44.185207000000048],[-71.683095999999978,44.186378000000047],[-71.682222999999965,44.187476000000061],[-71.681735999999944,44.188502000000028],[-71.681495999999981,44.189576000000045],[-71.681415999999956,44.191561000000036],[-71.681408999999974,44.191831000000036],[-71.681383299999936,44.192924300000072],[-71.681376399999976,44.19311220000003],[-71.68135099999995,44.193809000000044],[-71.681259999999952,44.197288000000071],[-71.68151359999996,44.198877700000025],[-71.681549999999959,44.198954000000072],[-71.682158999999956,44.199933000000044],[-71.682920999999965,44.200673000000052],[-71.684236599999963,44.201482000000055],[-71.685352399999942,44.20189350000004],[-71.689607299999977,44.202543800000058],[-71.690611599999954,44.20267240000004],[-71.697401999999954,44.203584000000035],[-71.70767399999994,44.205050000000028],[-71.716607999999951,44.207119000000034],[-71.718766999999957,44.207830000000058],[-71.718964999999969,44.207915000000071],[-71.721184999999934,44.209242000000074],[-71.722449999999981,44.210463000000061],[-71.728786999999954,44.218418000000042],[-71.729002999999977,44.218691000000035],[-71.729910899999936,44.21981610000006],[-71.731391999999971,44.221215000000029],[-71.733465999999964,44.22244500000005],[-71.733599999999967,44.222517000000039],[-71.739649999999983,44.225634000000071],[-71.743022799999949,44.227044100000057],[-71.743376999999953,44.227172000000053],[-71.746601999999939,44.228628000000072],[-71.746823999999947,44.228418000000033],[-71.746976999999958,44.228275000000053],[-71.747197999999969,44.228048000000058],[-71.747469399999943,44.227779800000064],[-71.747567899999979,44.227640800000074],[-71.747593799999947,44.227603900000076],[-71.748208599999941,44.227454800000032],[-71.748336599999959,44.227524300000027],[-71.748509399999989,44.227618000000064],[-71.748971499999982,44.227868700000045],[-71.750336499999946,44.228589200000044],[-71.752231999999935,44.229090300000053],[-71.752764699999943,44.229198900000029],[-71.753565399999957,44.229448500000046],[-71.754104999999981,44.229885000000081],[-71.755371599999933,44.231081800000027],[-71.755567999999982,44.231028900000069],[-71.755768999999987,44.230994000000067],[-71.756287099999952,44.230980900000077],[-71.758340699999962,44.231710100000043],[-71.758576099999971,44.231753900000058],[-71.758857499999976,44.231777800000032],[-71.759156999999959,44.231787000000054],[-71.761534999999981,44.231701000000044],[-71.76322799999997,44.231338000000051],[-71.766348999999934,44.229417000000069],[-71.76762999999994,44.22855700000008],[-71.768087999999977,44.22791600000005],[-71.769226999999944,44.223378000000025],[-71.769811999999945,44.222438000000068],[-71.770377999999937,44.222027000000026],[-71.771046999999953,44.221731000000034],[-71.772088999999937,44.221528000000035],[-71.772614899999951,44.221491000000071],[-71.775316999999973,44.220705000000066],[-71.777711999999951,44.220390000000066],[-71.778896999999972,44.219817000000035],[-71.780673999999976,44.219210000000032],[-71.783545699999934,44.217387400000064],[-71.784063799999956,44.216763700000058],[-71.784361999999987,44.216455000000053],[-71.784786999999938,44.216306000000031],[-71.785781899999961,44.216375700000071],[-71.788871999999969,44.216931000000045],[-71.792958399999975,44.217914300000075],[-71.798783399999934,44.214810400000033],[-71.800985999999966,44.213559000000032],[-71.80340769999998,44.211688000000038],[-71.803931999999975,44.211272000000065],[-71.804108799999938,44.211194700000078],[-71.80480799999998,44.210999000000072],[-71.805285999999967,44.211054000000047],[-71.805896999999959,44.211400000000026],[-71.80611609999994,44.211716400000057],[-71.806173999999942,44.211841000000049],[-71.807308999999975,44.21464700000007],[-71.807795999999939,44.216458000000046],[-71.808367999999973,44.217395000000067],[-71.809153999999978,44.218023000000073],[-71.809734999999989,44.218375300000048],[-71.809859999999958,44.218446000000029],[-71.814240499999983,44.221016900000052],[-71.815223999999944,44.22115000000008],[-71.817436899999961,44.221040000000073],[-71.818100299999969,44.22107630000005],[-71.819075599999962,44.22101280000004],[-71.822072899999966,44.220281200000045],[-71.82747999999998,44.218556500000034],[-71.828334599999948,44.218443400000069],[-71.82950139999997,44.218545300000073],[-71.830821999999955,44.21877900000004],[-71.835112999999978,44.22055400000005],[-71.836905999999942,44.221779000000026],[-71.840068999999971,44.224304000000075],[-71.841077399999961,44.22500720000005],[-71.84232529999997,44.225432500000068],[-71.843301999999937,44.225527800000066],[-71.84608099999997,44.225430200000062],[-71.847110099999952,44.225639600000079],[-71.847791599999937,44.225975400000038],[-71.849811999999986,44.227431800000033],[-71.852120699999944,44.228636600000073],[-71.852569999999957,44.229082000000062],[-71.852987999999982,44.229841000000079],[-71.853068999999948,44.230350000000044],[-71.852892999999938,44.23150000000004],[-71.85293299999995,44.232188000000065],[-71.853670799999975,44.233109300000081],[-71.854030399999942,44.23331520000005],[-71.856280899999945,44.233872600000041],[-71.862259999999935,44.233579000000077],[-71.864970699999958,44.233573800000045],[-71.865773699999977,44.233861500000046],[-71.867197499999975,44.23474340000007],[-71.868210099999942,44.235056100000065],[-71.871677999999974,44.235028000000057],[-71.874995699999943,44.234920400000078],[-71.876285699999983,44.235054300000058],[-71.879389299999957,44.235629900000049],[-71.881675899999948,44.236391900000058],[-71.882240799999977,44.236818800000037],[-71.884580999999969,44.235722000000067],[-71.886041599999942,44.235072000000059],[-71.88684829999994,44.234527900000046],[-71.888488999999936,44.23252750000006],[-71.888703699999951,44.232222000000036],[-71.889033099999949,44.23177650000008],[-71.891282899999965,44.228745500000059],[-71.892750899999953,44.226736000000074],[-71.89382779999994,44.224751500000025],[-71.894264199999952,44.223927300000071],[-71.894706699999972,44.223100200000033],[-71.894792299999949,44.222953700000062],[-71.894886299999939,44.222815600000047],[-71.895668899999976,44.221814900000027],[-71.896462999999983,44.220804900000076],[-71.898556699999972,44.21999100000005],[-71.898881699999947,44.219835300000057],[-71.90024619999997,44.219319300000052],[-71.900740999999982,44.219206900000074],[-71.900813599999935,44.219189800000038],[-71.90126319999996,44.219066200000043],[-71.902105499999948,44.218645500000036],[-71.903289899999947,44.217636700000071],[-71.903545399999985,44.217468500000052],[-71.907609099999945,44.21467030000008],[-71.910069299999975,44.213903900000048],[-71.910558699999967,44.213734300000056],[-71.911225799999954,44.213423500000033],[-71.911550799999986,44.213273400000048],[-71.914994799999988,44.211727500000052],[-71.915856299999973,44.211182500000064],[-71.918270999999947,44.207640000000026],[-71.918349699999965,44.207470900000033],[-71.91887829999996,44.206286400000067],[-71.919613699999957,44.204391600000065],[-71.920884799999953,44.202772700000025],[-71.922286699999972,44.201384700000062],[-71.923263099999986,44.200851900000032],[-71.924330599999962,44.200527100000045],[-71.926820799999973,44.200298600000053],[-71.928313199999934,44.199896100000046],[-71.930853699999943,44.199402200000065],[-71.933087999999941,44.199419500000033],[-71.936140599999987,44.199634100000026],[-71.939296999999954,44.200259300000027],[-71.943911499999956,44.200304300000028],[-71.944517099999985,44.200380200000041],[-71.945911999999964,44.20052220000008],[-71.946737199999973,44.200382600000069],[-71.947335399999986,44.200008700000069],[-71.947881799999948,44.199170000000038],[-71.947911999999974,44.19911600000006],[-71.948198999999988,44.198604400000079],[-71.948716199999978,44.197818300000051],[-71.94993919999996,44.196974200000056],[-71.950492599999961,44.196394800000064],[-71.952004699999975,44.193607600000064],[-71.951976599999966,44.192938100000049],[-71.951436399999977,44.190562400000033],[-71.950871699999936,44.189584600000046],[-71.950118599999939,44.188837000000035],[-71.949060799999984,44.18816860000004],[-71.946475099999986,44.186978000000067],[-71.944629599999985,44.185131600000034],[-71.943731199999945,44.184546900000043],[-71.942293499999948,44.183898700000043],[-71.941555899999969,44.18331210000008],[-71.941215299999953,44.182660000000055],[-71.941309199999978,44.181732900000043],[-71.943052599999987,44.178526300000044],[-71.944248899999934,44.176908600000047],[-71.94542679999995,44.174710100000027],[-71.946326299999953,44.17285830000003],[-71.947403699999938,44.171661800000038],[-71.948208999999963,44.171278100000052],[-71.950824499999953,44.170864900000026],[-71.953719599999943,44.170624400000065],[-71.954973499999937,44.170725600000026],[-71.956831499999964,44.17111280000006],[-71.957882499999982,44.170859200000052],[-71.958405299999981,44.17066120000004],[-71.958456099999978,44.170640800000058],[-71.958579999999984,44.170591300000069],[-71.960310899999968,44.169831200000033],[-71.962049799999988,44.169002500000033],[-71.962249699999973,44.168908100000067],[-71.965358799999933,44.167280800000071],[-71.965524599999981,44.166847700000062],[-71.96539839999997,44.166328200000066],[-71.965222299999937,44.16582260000007],[-71.964683299999933,44.163300100000072],[-71.965083199999981,44.161703200000034],[-71.965246699999966,44.160039700000027],[-71.965278199999943,44.159914900000047],[-71.965559499999983,44.158911200000034],[-71.965834799999982,44.15850590000008],[-71.967414799999972,44.157366400000058],[-71.968569899999977,44.156608000000062],[-71.971018999999956,44.155614600000035],[-71.972704499999963,44.154275900000073],[-71.973708299999942,44.153664000000049],[-71.974402299999952,44.153332100000057],[-71.974914599999977,44.153139600000031],[-71.975054399999976,44.153098100000079],[-71.975508199999979,44.152983500000062],[-71.976032199999963,44.152851200000043],[-71.977980799999955,44.152631600000063],[-71.978195599999935,44.152628200000038],[-71.981839899999954,44.152779700000053],[-71.982034099999964,44.152790000000039],[-71.982723199999953,44.152817600000049],[-71.98304109999998,44.152833100000066],[-71.983604899999989,44.152856700000029],[-71.983984299999975,44.15287260000008],[-71.986786799999948,44.152934600000037],[-71.988796199999967,44.15270600000008],[-71.99181619999996,44.151859500000057],[-71.994189399999982,44.151108500000078],[-71.994576999999936,44.150987400000076],[-71.995568099999957,44.150682500000073],[-71.997625299999982,44.150147100000027],[-71.999767099999985,44.150262200000043],[-72.000244599999974,44.150322200000062],[-72.002959499999974,44.150330900000029],[-72.004234299999951,44.149906400000077],[-72.006716999999981,44.148256100000026],[-72.008758299999954,44.147502700000075],[-72.010929299999987,44.146286100000054],[-72.011397399999964,44.146066200000064],[-72.011804499999982,44.145890400000042],[-72.011965799999984,44.14582740000003],[-72.012982199999954,44.145506800000078],[-72.016426899999942,44.14493230000005],[-72.01826079999995,44.14464920000006],[-72.018483799999956,44.144610700000044],[-72.022281999999961,44.144017000000076],[-72.022849899999983,44.143859500000076],[-72.023127899999963,44.143738400000075],[-72.023324399999979,44.14362710000006],[-72.023470699999962,44.143533900000079],[-72.02404729999995,44.143097000000068],[-72.024567899999965,44.143284700000038],[-72.025099099999977,44.143364200000065],[-72.025347399999987,44.143395000000055],[-72.029551899999944,44.143844700000045],[-72.03034219999995,44.143973000000074],[-72.031614999999988,44.144474000000059],[-72.032240999999942,44.144938000000025],[-72.032419999999945,44.145128000000057],[-72.032616999999959,44.145427000000041],[-72.033110299999976,44.146396200000027],[-72.034867099999985,44.149556100000041],[-72.036477699999978,44.15197390000003],[-72.037421199999983,44.152669100000026],[-72.037576699999988,44.15274850000003],[-72.038196999999968,44.153044600000044],[-72.039018799999951,44.153404200000068],[-72.039695599999959,44.153692900000067],[-72.040448099999935,44.153901200000064],[-72.040868299999943,44.153967300000033],[-72.041383999999937,44.154046000000051],[-72.041533499999957,44.154069800000059],[-72.041673999999944,44.154063000000065],[-72.042023099999938,44.153918600000054],[-72.042282799999953,44.153720700000065],[-72.043501999999933,44.152760000000058],[-72.043936599999938,44.152486000000067],[-72.044966599999952,44.15265880000004],[-72.045771099999968,44.152524700000072],[-72.045870999999977,44.15249300000005],[-72.046023699999978,44.152434200000073],[-72.046083999999951,44.152496100000064],[-72.046721199999979,44.153284500000041],[-72.046966399999974,44.153812200000061],[-72.047042999999974,44.154222300000072],[-72.047528599999964,44.15416040000008],[-72.047871599999951,44.154107600000032],[-72.049052199999949,44.153765100000044],[-72.050219999999968,44.153215900000077],[-72.050583999999958,44.153019000000029],[-72.050916399999949,44.152845200000058],[-72.053094299999941,44.151933000000042],[-72.053821199999959,44.151675400000045],[-72.053952599999946,44.151628900000048],[-72.05481089999995,44.151201700000058],[-72.055666999999971,44.15043200000008],[-72.056455999999969,44.149661000000037],[-72.057381999999961,44.149169000000029],[-72.061481999999955,44.148136000000079],[-72.062778999999978,44.148421000000042],[-72.065122999999971,44.149973000000045],[-72.066611799999976,44.150379900000075],[-72.068938999999943,44.150577000000055],[-72.073447999999985,44.152300000000025],[-72.075751999999966,44.153157000000078],[-72.077294999999935,44.153329000000042],[-72.078825999999935,44.153090000000077],[-72.081320999999946,44.152140000000031],[-72.082195999999954,44.151867000000038],[-72.083700999999962,44.151754000000039],[-72.085442999999941,44.152207000000033],[-72.086193499999979,44.15269440000003],[-72.08671099999998,44.153276000000062],[-72.087026999999978,44.153899000000081],[-72.087085899999977,44.154044500000055],[-72.087199999999939,44.154326000000026],[-72.087500999999975,44.155061000000046],[-72.087673199999983,44.155475200000069],[-72.087937399999987,44.156481100000065],[-72.087991999999986,44.156872000000078],[-72.088085499999977,44.157379400000025],[-72.088197099999945,44.158648700000072],[-72.088296799999966,44.15913450000005],[-72.08833489999995,44.159288500000059],[-72.08855559999995,44.159839600000055],[-72.088706099999968,44.160080400000027],[-72.088963599999943,44.160407900000052],[-72.089833899999974,44.161116800000059],[-72.089927599999953,44.161051000000043],[-72.090092699999957,44.160871600000064],[-72.08993339999995,44.159204100000068],[-72.090429099999938,44.158107800000039],[-72.091015999999968,44.157427000000041],[-72.091555199999959,44.156784600000037],[-72.092328799999962,44.155865300000073],[-72.094885499999975,44.152892100000031],[-72.097784799999943,44.149486600000046],[-72.09914619999995,44.147585200000037],[-72.100755999999933,44.144801700000073],[-72.101958399999944,44.141965900000059],[-72.102515499999981,44.140284100000031],[-72.103028399999971,44.137934500000028],[-72.105641599999956,44.120238800000038],[-72.109683799999971,44.101943100000028],[-72.110450499999956,44.09858330000003],[-72.110771199999988,44.097102200000052],[-72.113680999999985,44.083900000000028],[-72.113938999999959,44.081114000000071],[-72.113613999999984,44.078740000000039],[-72.110005999999942,44.064166000000057],[-72.109764999999982,44.063166000000081],[-72.10710899999998,44.052534000000037],[-72.106928899999957,44.050196000000028],[-72.107152999999983,44.048597000000029],[-72.107771999999954,44.046324000000027],[-72.110281999999984,44.037400000000048],[-72.111215999999956,44.034786000000054],[-72.113400999999953,44.03055100000006],[-72.114299999999957,44.028945000000078],[-72.116886999999963,44.024273000000051],[-72.119269499999973,44.020001500000035],[-72.119745299999977,44.019172000000026],[-72.120399999999961,44.017976000000033],[-72.12107229999998,44.016718600000047],[-72.122508899999957,44.014175500000079],[-72.125438999999972,44.008899900000074],[-72.133084099999962,43.995163000000048],[-72.133553999999947,43.994310000000041],[-72.135772999999972,43.990178000000071],[-72.135941999999943,43.988945000000058],[-72.135653999999988,43.987742000000026],[-72.135616999999968,43.98766100000006],[-72.134871999999973,43.986599000000069],[-72.133727799999974,43.985632000000066],[-72.132874799999968,43.985012500000039],[-72.132552999999973,43.984773200000063],[-72.131272599999988,43.983833300000072],[-72.131178799999986,43.983761900000047],[-72.128745999999978,43.981916800000079],[-72.127576099999942,43.98090540000004],[-72.126804199999981,43.979838700000073],[-72.12623519999994,43.978246800000079],[-72.126173999999935,43.975854000000027],[-72.12620069999997,43.974213400000053],[-72.126262999999938,43.970127000000048],[-72.126414999999952,43.968977000000052],[-72.126801999999941,43.967700000000036],[-72.128165999999965,43.96470000000005],[-72.129313899999943,43.961908000000051],[-72.130272999999988,43.956396000000041],[-72.132990999999947,43.949921000000074],[-72.133234999999956,43.948607000000038],[-72.133221499999934,43.94716040000003],[-72.132791999999938,43.943336000000045],[-72.132802999999967,43.941511000000048],[-72.134922999999958,43.931480000000079],[-72.135082999999952,43.93006900000006],[-72.134909999999934,43.928239000000076],[-72.133855599999947,43.925097400000027],[-72.133816999999965,43.924989000000039],[-72.133150999999941,43.922532000000047],[-72.133050999999966,43.919876000000045],[-72.134146999999984,43.914286000000061],[-72.134404999999958,43.913451000000066],[-72.134873999999968,43.912637000000075],[-72.136239999999987,43.911409000000049],[-72.138347999999951,43.910412000000065],[-72.145427999999981,43.909088000000054],[-72.146974099999966,43.908673400000055],[-72.149048599999958,43.907674200000031],[-72.149500599999953,43.907361000000037],[-72.151972899999976,43.905375100000072],[-72.154525299999989,43.90330490000008],[-72.157104899999979,43.901535300000035],[-72.158423099999936,43.900908800000025],[-72.162098199999946,43.899292400000036],[-72.162993299999982,43.898887000000059],[-72.163335999999958,43.898738000000037],[-72.166808999999944,43.897101000000077],[-72.168485999999973,43.896061000000032],[-72.169839999999965,43.89501800000005],[-72.171590799999933,43.89327430000003],[-72.17313299999995,43.89103700000004],[-72.174794999999961,43.887478000000044],[-72.178250999999989,43.883420000000058],[-72.179902499999969,43.88089240000005],[-72.181444899999974,43.877461400000072],[-72.182524999999941,43.875594900000067],[-72.18621799999994,43.871027000000026],[-72.186963999999989,43.869886000000065],[-72.187471999999957,43.86859400000003],[-72.188371999999958,43.863804000000073],[-72.189102999999989,43.861798000000078],[-72.190029999999979,43.860127000000034],[-72.192891999999972,43.856006000000036],[-72.194951299999957,43.852679200000068],[-72.197824999999966,43.847966000000042],[-72.203056899999979,43.839419400000054],[-72.20459649999998,43.836906200000044],[-72.204810499999951,43.836536900000056],[-72.205983199999935,43.834209200000032],[-72.206398899999954,43.833193400000027],[-72.206637699999987,43.832607100000075],[-72.209620299999983,43.825327800000025],[-72.211776799999939,43.820087300000068],[-72.213092499999959,43.817617000000041],[-72.21369459999994,43.816720500000031],[-72.214122399999951,43.816080800000066],[-72.214327599999933,43.815780800000027],[-72.216482099999951,43.812715300000036],[-72.216530199999966,43.81265030000003],[-72.217842699999949,43.81058790000003],[-72.218576199999973,43.808755900000051],[-72.218790999999953,43.808075000000031],[-72.218984199999966,43.807432400000039],[-72.220117399999936,43.803756400000054],[-72.220561299999986,43.802148700000032],[-72.220609999999965,43.801022000000046],[-72.220372999999938,43.799834000000033],[-72.219710999999961,43.798525000000041],[-72.219540999999936,43.798298000000045],[-72.219246999999939,43.797941000000037],[-72.215918399999964,43.794477000000029],[-72.215086199999973,43.793432000000053],[-72.214486799999975,43.791988600000025],[-72.214426399999979,43.790470600000049],[-72.214768399999969,43.789327200000059],[-72.215310199999976,43.788390100000072],[-72.218366099999969,43.785035300000061],[-72.219952599999942,43.782825800000069],[-72.221081799999979,43.780697600000053],[-72.221989999999948,43.778067700000065],[-72.222327999999948,43.77622000000008],[-72.223875999999962,43.76732700000008],[-72.224178999999936,43.766269000000079],[-72.224587999999983,43.765461000000073],[-72.225657999999953,43.764117000000056],[-72.226905999999985,43.763117000000079],[-72.22827499999994,43.762366000000043],[-72.231727999999976,43.760868000000073],[-72.232878999999969,43.760213000000078],[-72.232951999999955,43.760165000000029],[-72.233556999999962,43.759757000000036],[-72.235009999999988,43.758529000000067],[-72.236088999999936,43.757323000000042],[-72.238832999999943,43.754189000000054],[-72.240115999999944,43.753181000000041],[-72.241803999999945,43.752189000000044],[-72.244864999999947,43.750899000000061],[-72.256808999999976,43.747129000000029],[-72.258948999999973,43.746133000000043],[-72.26405699999998,43.743246000000056],[-72.265937999999949,43.742173000000037],[-72.269816499999934,43.739961300000061],[-72.271179999999958,43.739012000000059],[-72.272466999999949,43.737831000000028],[-72.275296199999957,43.734458400000051],[-72.278789999999958,43.731769000000043],[-72.285359999999969,43.726888000000031],[-72.288340999999946,43.724537000000055],[-72.289513299999953,43.723213200000032],[-72.291141899999957,43.720643000000052],[-72.292577999999935,43.718367000000057],[-72.293696499999953,43.716953100000069],[-72.295392999999933,43.715298000000075],[-72.297981999999934,43.713271000000077],[-72.298510999999962,43.712866000000076],[-72.298558999999955,43.712831000000051],[-72.301596999999958,43.710453200000075],[-72.302806199999964,43.709476300000063],[-72.302951699999937,43.709350800000038],[-72.304079299999955,43.708310400000073],[-72.305544399999974,43.706856500000072],[-72.306350699999939,43.705964900000026],[-72.30644099999995,43.705862800000034],[-72.307108299999982,43.705104500000061],[-72.307525699999985,43.704628200000059],[-72.309118999999953,43.702792000000045],[-72.309978999999942,43.701320000000067],[-72.310361999999941,43.700025000000039],[-72.311356999999987,43.693992000000037],[-72.312655999999947,43.68961500000006],[-72.313329099999976,43.687377300000037],[-72.313617999999963,43.686480000000074],[-72.314152999999976,43.685086000000069],[-72.315396999999962,43.682372000000043],[-72.315509099999986,43.682146800000055],[-72.315660499999979,43.681812500000035],[-72.317756999999972,43.676979000000074],[-72.318154999999933,43.675023000000067],[-72.318249399999956,43.672805200000028],[-72.318271299999935,43.670760100000052],[-72.318284499999947,43.670388100000025],[-72.318370899999934,43.66956840000006],[-72.318395099999975,43.669329800000071],[-72.318416499999955,43.669215300000076],[-72.319019999999966,43.667052000000069],[-72.319083399999954,43.666878300000064],[-72.319227499999954,43.666483800000037],[-72.319509499999981,43.665699400000051],[-72.320793299999934,43.662189400000045],[-72.321227599999986,43.66136060000008],[-72.321763999999973,43.660712000000046],[-72.322637899999961,43.660007800000074],[-72.324439999999981,43.659175000000062],[-72.32770469999997,43.658438300000057],[-72.328990999999974,43.657850000000053],[-72.329878299999962,43.65702600000003],[-72.330398699999989,43.656043400000044],[-72.330675499999984,43.655429600000048],[-72.330783699999984,43.655199400000072],[-72.330994699999962,43.654726800000049],[-72.331252099999972,43.654149800000027],[-72.331423399999949,43.653766200000064],[-72.331802699999969,43.652923400000077],[-72.332355999999947,43.651995000000056],[-72.332969299999945,43.651314400000047],[-72.333076099999971,43.651217600000052],[-72.334994999999935,43.649634900000081],[-72.336298899999974,43.648553000000049],[-72.337517999999989,43.647082000000069],[-72.338185499999952,43.645632900000066],[-72.338211099999967,43.645534600000076],[-72.338232199999936,43.645453700000076],[-72.338264799999934,43.645322200000066],[-72.338362299999972,43.644721900000036],[-72.338400399999955,43.644122100000061],[-72.338648999999975,43.64325800000006],[-72.339060999999958,43.642786000000058],[-72.339832999999942,43.642356000000063],[-72.340774999999951,43.64218500000004],[-72.341732399999955,43.642312700000048],[-72.342725799999982,43.642739800000072],[-72.343040999999971,43.642926000000045],[-72.343237699999975,43.643052900000043],[-72.34398299999998,43.643505000000062],[-72.344990999999936,43.644186000000047],[-72.345680999999956,43.644863000000043],[-72.346181999999942,43.645605000000046],[-72.346525999999983,43.64664700000003],[-72.346543699999984,43.647722600000066],[-72.346228999999937,43.650267000000042],[-72.346393999999975,43.651222000000075],[-72.346746999999937,43.652129000000059],[-72.350102999999933,43.657194000000061],[-72.351052999999979,43.658130000000028],[-72.352329699999984,43.658925900000042],[-72.354143999999962,43.659560000000056],[-72.357125999999937,43.660072000000071],[-72.361068999999986,43.660704000000067],[-72.36280499999998,43.660975000000064],[-72.36562379999998,43.661422800000025],[-72.369933999999944,43.66211480000004],[-72.374273999999957,43.662802900000031],[-72.376904399999944,43.663231400000029],[-72.377316499999949,43.663361500000065],[-72.37988409999997,43.664466700000048],[-72.381488999999988,43.665214000000049],[-72.381580999999983,43.665422900000067],[-72.381386199999952,43.665643500000044],[-72.381290799999988,43.665713400000072],[-72.381434099999979,43.665776900000026],[-72.383335899999963,43.666539500000056],[-72.383537599999954,43.666574800000035],[-72.383594899999935,43.666596900000059],[-72.384085399999947,43.666786700000046],[-72.384618799999942,43.666939400000047],[-72.385036999999954,43.667005000000074],[-72.385458999999969,43.667024000000026],[-72.385534999999948,43.667023000000029],[-72.385917699999936,43.66699600000004],[-72.386116699999945,43.666966400000035],[-72.386840899999982,43.666748300000052],[-72.38748899999996,43.666332000000068],[-72.388061999999934,43.665775000000053],[-72.388413999999955,43.66505600000005],[-72.38846099999995,43.664376000000061],[-72.388308999999936,43.663825000000031],[-72.387596999999971,43.662231000000077],[-72.387567999999987,43.662127000000055],[-72.387437799999987,43.661586500000055],[-72.387413299999935,43.661459900000068],[-72.387361799999951,43.66103430000004],[-72.387370699999963,43.660636200000056],[-72.387420999999961,43.660048000000074],[-72.387898299999961,43.656653000000063],[-72.387949399999968,43.656269900000041],[-72.388106199999982,43.655189900000039],[-72.38826279999995,43.654619800000035],[-72.388837099999989,43.653695200000072],[-72.389441099999942,43.653135400000053],[-72.389998099999957,43.652740700000038],[-72.390372299999967,43.652515100000073],[-72.390634799999987,43.652365800000041],[-72.391171299999939,43.651995200000044],[-72.391605699999957,43.652076700000066],[-72.394355999999959,43.650839000000076],[-72.394781999999964,43.650511000000051],[-72.395681999999965,43.649162000000047],[-72.396454999999946,43.647444000000064],[-72.396859999999947,43.646620000000041],[-72.397430999999983,43.646016000000031],[-72.397872999999947,43.645796000000075],[-72.398894999999982,43.645611000000031],[-72.39945199999994,43.645638000000076],[-72.400585099999944,43.646075500000052],[-72.400713499999938,43.646146200000032],[-72.404125999999962,43.647996000000035],[-72.404846999999961,43.648188000000061],[-72.407052099999987,43.648204500000077],[-72.407112999999981,43.648196000000041],[-72.408137799999963,43.64800230000003],[-72.40890799999994,43.647884000000033],[-72.411175999999955,43.647886000000028],[-72.413442999999972,43.647473000000048],[-72.41450199999997,43.647102000000075],[-72.415979999999934,43.646178000000077],[-72.416242999999952,43.646095000000059],[-72.416473199999984,43.646041400000058],[-72.416896399999985,43.645946500000036],[-72.416952999999978,43.64593300000007],[-72.417785999999978,43.645820000000072],[-72.418599999999969,43.64590400000003],[-72.418727599999954,43.645749600000045],[-72.418869799999982,43.645583600000066],[-72.418942199999947,43.645500100000049],[-72.419078999999954,43.645343000000025],[-72.421305999999959,43.645180000000039],[-72.424149999999941,43.645484000000067],[-72.425623999999971,43.645259000000067],[-72.42610099999996,43.645015000000058],[-72.427016199999969,43.644408700000042],[-72.428314099999966,43.644118300000059],[-72.429246999999975,43.644037000000026],[-72.430376999999964,43.644330000000025],[-72.432340999999951,43.644751000000042],[-72.433758999999952,43.644859000000054],[-72.43528699999996,43.64492000000007],[-72.438118999999972,43.644351000000029],[-72.439516999999967,43.643462000000056],[-72.440370999999971,43.642718000000059],[-72.440688999999963,43.642258000000027],[-72.442000999999948,43.639863000000048],[-72.442962999999963,43.638770900000054],[-72.443783399999973,43.638183800000036],[-72.444962799999985,43.637621200000069],[-72.447229999999934,43.636491000000035],[-72.449679999999944,43.635784000000058],[-72.450645899999984,43.635317200000031],[-72.451059799999939,43.635175700000048],[-72.451736099999948,43.635013100000037],[-72.452478399999961,43.63485060000005],[-72.452907999999979,43.634757000000036],[-72.454513999999961,43.634236000000044],[-72.455190999999957,43.633717000000047],[-72.455554999999947,43.633246000000042],[-72.455763999999988,43.632740000000069],[-72.455803999999944,43.63212500000003],[-72.455304999999953,43.630665000000079],[-72.45498299999997,43.629770000000065],[-72.454930999999988,43.629083000000037],[-72.454950999999937,43.628950000000032],[-72.455011999999954,43.628722000000039],[-72.455326999999954,43.62813600000004],[-72.455929999999967,43.627565000000061],[-72.457478299999934,43.626951100000042],[-72.457542299999943,43.626939600000071],[-72.458492999999976,43.626897000000042],[-72.458829999999978,43.626937000000055],[-72.460196999999937,43.627331000000027],[-72.462719999999933,43.628249000000039],[-72.465541199999961,43.628990100000067],[-72.466446399999938,43.629215300000055],[-72.467685399999937,43.629918100000054],[-72.467890799999964,43.63004920000003],[-72.468079899999964,43.63016760000005],[-72.46836559999997,43.630344300000047],[-72.468495599999983,43.630434500000035],[-72.468702199999939,43.630598600000042],[-72.469345899999951,43.631515900000068],[-72.469438899999943,43.631669600000066],[-72.469901099999959,43.632385600000077],[-72.470630699999958,43.633564000000035],[-72.470920999999976,43.635228000000041],[-72.471521999999936,43.636382000000026],[-72.473157999999955,43.637709000000029],[-72.474310999999943,43.638238000000058],[-72.475573999999938,43.638433000000077],[-72.477901999999972,43.638596000000064],[-72.480701899999985,43.638291600000059],[-72.48202299999997,43.638161000000025],[-72.48326499999996,43.638194000000055],[-72.484545899999944,43.638487100000077],[-72.486084999999946,43.638824000000056],[-72.487557999999979,43.638867000000062],[-72.48926199999994,43.638671000000045],[-72.490062999999964,43.638397000000055],[-72.491151899999977,43.637743800000067],[-72.49320309999996,43.636847800000055],[-72.495104999999967,43.636241000000041],[-72.497779999999977,43.636154000000033],[-72.499054999999942,43.636128000000042],[-72.500032999999974,43.635930300000041],[-72.501385999999968,43.635151000000064],[-72.503098599999987,43.633878700000025],[-72.503732999999954,43.633327000000065],[-72.503828999999939,43.633236000000068],[-72.504197999999974,43.632878000000062],[-72.504257999999936,43.63281900000004],[-72.504712099999949,43.632239600000048],[-72.504840999999942,43.632018000000073],[-72.505020999999942,43.631656000000078],[-72.505142999999975,43.631402000000037],[-72.505565999999988,43.630488000000071],[-72.50567529999995,43.630210100000056],[-72.505742999999939,43.630014000000074],[-72.50580199999996,43.629816000000062],[-72.50584299999997,43.629653000000076],[-72.506250399999942,43.628162000000032],[-72.506466499999988,43.627761400000054],[-72.50689269999998,43.626789500000029],[-72.507025999999939,43.626549000000068],[-72.508890199999939,43.626677200000074],[-72.50953549999997,43.626711200000045],[-72.510100999999963,43.626728000000071],[-72.513990999999976,43.626824800000065],[-72.514334299999973,43.62673360000008],[-72.51471829999997,43.626573300000075],[-72.51490199999995,43.626501000000076],[-72.515807499999937,43.626138100000048],[-72.515977999999961,43.626070000000027],[-72.516960999999981,43.625670000000071],[-72.517291999999941,43.625533000000075],[-72.517564799999946,43.625428600000077],[-72.51842929999998,43.625095500000043],[-72.518622199999982,43.62500870000008],[-72.51939729999998,43.624669500000039],[-72.520525099999986,43.623774400000059],[-72.520799099999977,43.62348140000006],[-72.520896299999947,43.623372900000049],[-72.521071599999971,43.623140000000035],[-72.521303999999986,43.623021000000051],[-72.521684999999934,43.622839000000056],[-72.522800999999959,43.622386000000063],[-72.523904999999957,43.622056000000043],[-72.524745999999936,43.622069000000067],[-72.525429999999972,43.62221900000003],[-72.525692599999957,43.622271200000057],[-72.52588499999996,43.622300000000052],[-72.526200099999983,43.622307600000056],[-72.52657899999997,43.622172900000066],[-72.527714999999944,43.621700000000033],[-72.528142999999943,43.621452000000033],[-72.528476999999953,43.621264000000053],[-72.528654199999949,43.621170500000062],[-72.528870999999981,43.621076000000073],[-72.528944999999965,43.621045000000038],[-72.52908739999998,43.620994300000064],[-72.532897999999989,43.620005000000049],[-72.534676999999988,43.618953000000033],[-72.536352999999963,43.618376000000069],[-72.536527999999976,43.618318100000067],[-72.537756999999942,43.617902000000072],[-72.538028099999963,43.617827900000066],[-72.538708199999974,43.617701700000055],[-72.540283999999986,43.617405000000076],[-72.542193999999938,43.61701000000005],[-72.542447399999958,43.61695560000004],[-72.542760999999985,43.616882000000032],[-72.543145999999979,43.616755000000069],[-72.543366999999989,43.61664600000006],[-72.545734999999979,43.614779600000077],[-72.546579699999938,43.614143900000045],[-72.547412899999983,43.613507900000059],[-72.547613399999989,43.613353500000073],[-72.548037999999963,43.612936000000047],[-72.549477399999944,43.610904900000037],[-72.550468999999964,43.609692000000052],[-72.551133999999934,43.608919000000071],[-72.552119999999945,43.608093000000054],[-72.554202999999973,43.607094000000075],[-72.55427119999996,43.607060500000046],[-72.555294999999944,43.606620900000053],[-72.556874999999934,43.606274000000042],[-72.558246999999938,43.60579800000005],[-72.560851999999954,43.603637000000049],[-72.563257299999975,43.602663900000039],[-72.563386799999989,43.602612300000033],[-72.564583999999968,43.60212000000007],[-72.565087999999946,43.601910000000032],[-72.56571299999996,43.601651000000061],[-72.566067999999973,43.601503000000037],[-72.566605699999968,43.601269900000034],[-72.56794119999995,43.600827000000038],[-72.568807199999981,43.600883300000078],[-72.569634599999972,43.601126900000054],[-72.569805199999962,43.601168900000062],[-72.569932999999935,43.601204000000052],[-72.570164999999974,43.601240300000029],[-72.571008699999936,43.601249500000051],[-72.574008999999933,43.601084000000071],[-72.575729999999965,43.601419000000078],[-72.575990899999965,43.60150260000006],[-72.576135599999986,43.601549400000067],[-72.577425999999946,43.601578000000075],[-72.578186399999936,43.60130920000006],[-72.578419999999937,43.601179000000059],[-72.579234299999939,43.600607600000046],[-72.580204999999978,43.599977000000081],[-72.58076699999998,43.599628000000052],[-72.58165699999995,43.599157000000048],[-72.582637799999986,43.599070400000073],[-72.583872999999983,43.599253000000033],[-72.584248099999968,43.599329500000067],[-72.584598999999969,43.599395000000072],[-72.586082999999974,43.599549300000035],[-72.586862499999938,43.599633800000049],[-72.588431999999955,43.600024000000076],[-72.588752199999988,43.600091600000042],[-72.588959999999986,43.600129000000038],[-72.589808399999981,43.600154100000054],[-72.589910999999972,43.60014590000003],[-72.591098999999986,43.599939000000063],[-72.591697399999987,43.599895700000047],[-72.592139999999972,43.599896600000079],[-72.592305999999951,43.599899400000027],[-72.593903999999952,43.599859000000038],[-72.594507999999962,43.599784000000056],[-72.596233999999981,43.599286000000063],[-72.597578199999987,43.598395100000062],[-72.599417799999969,43.597090200000025],[-72.601534699999945,43.595948200000066],[-72.603305999999975,43.595398000000046],[-72.60384339999996,43.595256300000074],[-72.605001999999956,43.594977000000029],[-72.605691999999976,43.594794000000036],[-72.606739999999945,43.594392000000028],[-72.607281999999941,43.593977000000052],[-72.60766499999994,43.593359000000078],[-72.608029999999985,43.59211700000003],[-72.608533999999963,43.591151000000025],[-72.609287999999935,43.590332000000046],[-72.611147999999957,43.588909000000058],[-72.613055299999985,43.587549100000047],[-72.614485399999978,43.586588500000062],[-72.614669999999933,43.586470000000077],[-72.615557999999965,43.58604500000007],[-72.616468999999938,43.585979000000066],[-72.617929999999944,43.586301000000049],[-72.620286999999962,43.587177000000054],[-72.620348799999988,43.587189900000055],[-72.620694999999955,43.587251000000037],[-72.621657999999968,43.587371000000076],[-72.623008999999968,43.587522700000079],[-72.623350999999957,43.587545000000034],[-72.623477999999977,43.587553000000071],[-72.624211999999943,43.587635000000034],[-72.625134699999933,43.587781300000074],[-72.625266099999976,43.587797600000044],[-72.62547399999994,43.587819800000034],[-72.626683999999955,43.58789100000007],[-72.630449499999941,43.588150300000052],[-72.631443499999989,43.588130300000046],[-72.631813999999963,43.588100000000054],[-72.631897999999978,43.58809240000005],[-72.633179999999982,43.588011000000051],[-72.633842699999946,43.588012800000058],[-72.636278999999945,43.588217000000043],[-72.636452899999938,43.588233600000081],[-72.637769499999933,43.58834040000005],[-72.640467999999942,43.588829000000032],[-72.642240999999956,43.588733000000047],[-72.643235599999969,43.588612600000033],[-72.644271999999944,43.588432000000068],[-72.645788999999979,43.588154000000031],[-72.648257999999942,43.587983000000065],[-72.649202999999943,43.587746000000038],[-72.651684999999986,43.587131000000056],[-72.652791999999977,43.58724200000006],[-72.653834999999958,43.587591000000032],[-72.654394999999965,43.58779190000007],[-72.656183399999975,43.588224600000046],[-72.656244999999956,43.588235000000054],[-72.658125999999982,43.588653000000079],[-72.658211899999969,43.588680300000078],[-72.658793199999934,43.588865400000032],[-72.661719999999946,43.589866700000073],[-72.661896999999954,43.589946300000065],[-72.662672199999975,43.590331000000049],[-72.664282999999955,43.591647400000056],[-72.665593399999977,43.59329050000008],[-72.668258999999978,43.596629000000064],[-72.669164999999964,43.597448000000043],[-72.670068999999955,43.597952900000053],[-72.670966999999962,43.598253000000057],[-72.671910999999966,43.59836800000005],[-72.672874999999976,43.598303000000044],[-72.673073999999986,43.598262000000034],[-72.675385999999946,43.597461000000067],[-72.676598999999953,43.597293000000036],[-72.677620999999988,43.59739600000006],[-72.681724999999972,43.598272000000065],[-72.682949199999939,43.598336600000039],[-72.684197599999948,43.597993700000075],[-72.685886299999936,43.596838200000036],[-72.686600699999985,43.596539000000064],[-72.687606199999948,43.596409200000039],[-72.689686799999947,43.596648100000039],[-72.690057999999965,43.596654000000058],[-72.690463999999963,43.596626000000072],[-72.691581999999983,43.596274000000051],[-72.693321999999966,43.594924000000049],[-72.695035299999972,43.59454850000003],[-72.695879099999956,43.594430600000067],[-72.696992999999964,43.594170000000076],[-72.697940899999935,43.593772800000067],[-72.69937589999995,43.593069200000059],[-72.70110139999997,43.592359100000067],[-72.702657999999985,43.592346900000052],[-72.703628999999978,43.592699000000039],[-72.705404999999985,43.593770900000038],[-72.707681999999977,43.59411700000004],[-72.708369699999935,43.594379400000037],[-72.708526599999971,43.59446580000008],[-72.709181699999988,43.594997100000057],[-72.709557199999949,43.595671200000027],[-72.709655999999939,43.596226000000058],[-72.709839999999986,43.597200000000043],[-72.710345999999959,43.597833000000037],[-72.710528199999942,43.597976900000049],[-72.710621999999944,43.59804100000008],[-72.71070519999995,43.598097400000029],[-72.713103899999965,43.599431400000071],[-72.714239999999961,43.60000000000008],[-72.715419199999985,43.600182500000074],[-72.716553999999974,43.600018000000034],[-72.718597999999986,43.59911500000004],[-72.719462999999962,43.598876000000075],[-72.720673999999974,43.598918000000026],[-72.721582999999953,43.599246000000051],[-72.721726999999987,43.599339000000043],[-72.724045999999987,43.601343000000043],[-72.725800999999933,43.602229000000079],[-72.726702999999986,43.602535000000046],[-72.726842999999974,43.602582900000073],[-72.730355999999972,43.603752000000043],[-72.732345399999986,43.604059200000052],[-72.736313999999936,43.604018000000053],[-72.738490999999954,43.603556000000026],[-72.746164999999962,43.600099000000057],[-72.74695429999997,43.599874400000033],[-72.74796699999996,43.599834000000044],[-72.748029699999961,43.599843000000078],[-72.748233999999968,43.59987220000005],[-72.748298199999965,43.599881400000072],[-72.748949999999979,43.600054900000032],[-72.74972299999996,43.600494000000026],[-72.749935999999934,43.600673000000029],[-72.750409999999988,43.60129900000004],[-72.750630699999988,43.601917100000037],[-72.750777999999968,43.603208000000052],[-72.750844399999949,43.603959400000065],[-72.750852399999985,43.604037000000062],[-72.750894899999935,43.604349400000046],[-72.75093099999998,43.604615000000081],[-72.750972999999988,43.604972000000032],[-72.751246999999978,43.60750100000007],[-72.751586999999972,43.610482000000047],[-72.751937999999939,43.611292000000049],[-72.752912999999978,43.612352000000044],[-72.75488299999995,43.613638000000037],[-72.755003199999976,43.613711800000033],[-72.755353199999945,43.613935900000058],[-72.756293999999968,43.614714000000049],[-72.757307199999957,43.616150700000048],[-72.759017999999969,43.619169000000056],[-72.759547999999938,43.620194000000026],[-72.760592999999972,43.623741000000052],[-72.761462299999948,43.625030500000037],[-72.762053799999933,43.626103600000079],[-72.762448899999981,43.627171300000043],[-72.763761899999963,43.630520100000069],[-72.764027999999939,43.631200000000035],[-72.767130999999949,43.639204000000063],[-72.767205999999987,43.639403000000073],[-72.769214999999974,43.645874000000049],[-72.769723899999974,43.647749000000033],[-72.770558999999935,43.650769000000025],[-72.771364999999946,43.653369000000055],[-72.772384999999986,43.656158000000062],[-72.772560999999939,43.656623000000025],[-72.773196999999982,43.658090000000072],[-72.773245999999972,43.658183000000065],[-72.773384999999962,43.658430300000077],[-72.773722699999951,43.658926800000074],[-72.775184999999965,43.660408000000075],[-72.776751999999988,43.661458000000039],[-72.778247999999962,43.662139000000025],[-72.783416999999986,43.663997000000052],[-72.784357999999941,43.664551000000074],[-72.785203999999965,43.665270000000078],[-72.787334999999985,43.664089000000047],[-72.788802999999973,43.663704000000052],[-72.789363999999978,43.663430000000062],[-72.78980329999996,43.662928200000067],[-72.79033499999997,43.661594000000036],[-72.790836999999954,43.660123000000056],[-72.790617299999951,43.659548800000039],[-72.790589599999976,43.659509000000071],[-72.789997999999969,43.658574000000044],[-72.790276999999946,43.658070000000066],[-72.789492999999936,43.657470000000046],[-72.789368999999965,43.657236000000069],[-72.789297999999974,43.656426000000067],[-72.789750999999967,43.655610000000081],[-72.789554799999962,43.655538400000069],[-72.788933899999961,43.655504200000053],[-72.788419999999974,43.655510000000049],[-72.788520572999971,43.656254809000075]],[[-72.788520572999971,43.656254809000075],[-72.788419999999974,43.655510000000049],[-72.788933899999961,43.655504200000053],[-72.789554799999962,43.655538400000069],[-72.789750999999967,43.655610000000081],[-72.790709999999933,43.654193000000078],[-72.790747999999951,43.654105000000072],[-72.791564999999935,43.654508000000078],[-72.792223999999976,43.655179000000032],[-72.79274799999996,43.655102000000056],[-72.793109999999956,43.655069000000026],[-72.794600574999947,43.655462697000075]]]},"properties":{"OBJECTID":1,"Name":"Boston Logan International Airport - Airbnb, 95 Priscilla Lane, Killington","FirstStopID":1,"LastStopID":14,"StopCount":14,"StartTime":1790668800000,"EndTime":1790713036000,"StartTimeUTC":1790683200000,"EndTimeUTC":1790727436000,"TotalWait_Minutes":null,"TotalWait_TimeAt1KPH":null,"TotalWait_TravelTime":null,"TotalWait_TruckMinutes":null,"TotalWait_TruckTravelTime":null,"TotalWait_WalkTime":null,"TotalViolation_Minutes":null,"TotalViolation_TimeAt1KPH":null,"TotalViolation_TravelTime":null,"TotalViolation_TruckMinutes":null,"TotalViolation_TruckTravelTime":null,"TotalViolation_WalkTime":null,"Total_Minutes":null,"Total_TimeAt1KPH":null,"Total_TravelTime":737.26905158312843,"Total_TruckMinutes":null,"Total_TruckTravelTime":null,"Total_WalkTime":null,"Total_Kilometers":472.78093342922864,"Total_Miles":null,"Shape_Length":4.8542544200244482}}]}