{"type":"FeatureCollection","features":[{"type":"Feature","id":1,"geometry":{"type":"MultiLineString","coordinates":[[[-71.017139799999939,42.36630480000008],[-71.017142799999988,42.36653780000006],[-71.017143699999963,42.366911800000025],[-71.017308499999956,42.366964800000062],[-71.01736219999998,42.366967500000044],[-71.017436299999986,42.366970500000036],[-71.017497999999989,42.366975800000034],[-71.017645899999934,42.366990900000076],[-71.017854799999952,42.367093100000034],[-71.018089299999986,42.367236500000047],[-71.018935799999952,42.367651900000055],[-71.019155699999942,42.367691600000057],[-71.019622399999946,42.367756900000074],[-71.020659299999977,42.367925200000059],[-71.020821299999966,42.367945900000052],[-71.021192099999951,42.367994700000054],[-71.021563699999945,42.368039400000043],[-71.021836399999984,42.368129400000043],[-71.022428899999966,42.368329900000049],[-71.024112799999955,42.368845700000065],[-71.025542399999949,42.36959870000004],[-71.025638499999957,42.369674800000041],[-71.026177999999959,42.370139000000052],[-71.026248099999975,42.37023320000003],[-71.026392999999985,42.370428000000061],[-71.026794399999972,42.370974900000078],[-71.026944999999955,42.37113400000004],[-71.027528599999982,42.371648900000025],[-71.029065999999943,42.373133000000053],[-71.029241999999954,42.373286000000064],[-71.029506999999967,42.373513000000059],[-71.029931799999986,42.373775100000046],[-71.030203099999937,42.373901600000067],[-71.030459899999983,42.373973500000034],[-71.030603799999938,42.374001000000078],[-71.031153599999982,42.373988500000053],[-71.031522099999961,42.373875400000031],[-71.032110799999941,42.373499400000071],[-71.03247209999995,42.37316050000004],[-71.033243199999959,42.372710200000029],[-71.033659299999954,42.372632500000066],[-71.034438199999954,42.372722400000043],[-71.034979699999951,42.372959200000025],[-71.035126499999933,42.373038000000065],[-71.035736499999985,42.373360700000035],[-71.035999299999958,42.373496300000056],[-71.036324499999978,42.373664100000042],[-71.036994899999968,42.373902000000044],[-71.037175499999933,42.373906100000056],[-71.037232199999949,42.373904400000072],[-71.037417799999957,42.373877800000059],[-71.038246999999956,42.373453600000062],[-71.038403999999957,42.373352900000043],[-71.038812499999949,42.373089600000071],[-71.039039699999933,42.372938500000032],[-71.039818199999957,42.372423100000049],[-71.039934999999957,42.37233880000008],[-71.041579899999988,42.371312200000034],[-71.041701199999977,42.371237800000074],[-71.041912899999943,42.371107900000027],[-71.042108499999983,42.37096930000007],[-71.043124799999987,42.370334100000036],[-71.044028199999957,42.369760400000075],[-71.045761099999936,42.368657400000075],[-71.047055999999941,42.367838200000051],[-71.048160399999972,42.367118300000072],[-71.048784899999987,42.366733700000054],[-71.049342799999977,42.366367100000048],[-71.04985709999994,42.366043500000046],[-71.050043199999948,42.365923100000032],[-71.050982799999986,42.365317000000061],[-71.051108199999987,42.365241200000071],[-71.051342299999988,42.365085600000043],[-71.051625999999942,42.364912100000026],[-71.051792099999943,42.364808100000062],[-71.052288399999952,42.364491100000066],[-71.052414499999941,42.36441080000003],[-71.052701599999978,42.364228300000036],[-71.053115099999957,42.363962700000059],[-71.053608799999949,42.363652100000024],[-71.053921599999967,42.363450600000078],[-71.054247199999963,42.363239600000043],[-71.054766599999937,42.362887000000057],[-71.054962199999977,42.362701300000026],[-71.055277399999966,42.36237600000004],[-71.055371999999977,42.36231900000007],[-71.055622999999969,42.36224500000003],[-71.055762999999956,42.362238000000048],[-71.056118599999934,42.36229000000003],[-71.056173999999942,42.36233500000003],[-71.056533899999977,42.362563300000033],[-71.057096399999978,42.362958200000037],[-71.057947499999955,42.363659700000028],[-71.057999699999982,42.363711200000068],[-71.058197199999938,42.364028100000041],[-71.058226299999944,42.364123100000029],[-71.058282399999939,42.364278900000045],[-71.058306399999935,42.36440900000008],[-71.058323799999982,42.364448400000072],[-71.058445499999948,42.36463770000006],[-71.058586899999966,42.364876400000071],[-71.058700299999941,42.365043900000046],[-71.05983759999998,42.366112100000066],[-71.059936799999946,42.366195300000072],[-71.060203499999943,42.366384900000071],[-71.060232499999984,42.366413700000066],[-71.06028589999994,42.366458500000078],[-71.06034109999996,42.366512600000078],[-71.060378999999955,42.366547800000035],[-71.061283999999944,42.367412200000047],[-71.061964899999964,42.368029700000079],[-71.062064899999939,42.368113000000051],[-71.062496199999941,42.368490100000031],[-71.062786799999969,42.368746300000055],[-71.06350759999998,42.369385100000045],[-71.063783599999965,42.369625400000075],[-71.064215499999989,42.370006200000034],[-71.064422599999943,42.370185100000072],[-71.064542599999982,42.370292400000039],[-71.064744499999961,42.370468800000026],[-71.065352799999971,42.370946600000025],[-71.065762099999972,42.371242000000052],[-71.06606069999998,42.371442400000035],[-71.067155999999954,42.372141000000056],[-71.068085999999937,42.372683000000052],[-71.069342999999947,42.373344000000031],[-71.069492999999966,42.373419000000069],[-71.069630999999958,42.373487000000068],[-71.069793999999945,42.373568000000034],[-71.071128999999985,42.37422040000007],[-71.071294299999977,42.374282600000072],[-71.071409399999936,42.37432890000008],[-71.072623799999974,42.375051100000064],[-71.073898099999951,42.376049900000055],[-71.074469399999941,42.376598600000079],[-71.075125799999967,42.377373900000066],[-71.075705199999959,42.378120200000069],[-71.076504899999975,42.379443700000024],[-71.076779499999986,42.380427500000053],[-71.076710999999989,42.381927500000074],[-71.076543899999933,42.382816700000035],[-71.076485799999944,42.383151500000054],[-71.076492499999972,42.383608700000025],[-71.076698999999962,42.38481100000007],[-71.077106799999967,42.385698300000058],[-71.077153499999952,42.385794300000043],[-71.077328199999954,42.386052500000062],[-71.077960999999959,42.386835800000028],[-71.078051699999946,42.386923300000035],[-71.078171999999938,42.387039000000073],[-71.078314999999975,42.387186000000042],[-71.079664999999977,42.388289000000043],[-71.082939099999976,42.390863000000024],[-71.084272699999985,42.392385200000035],[-71.085598999999945,42.393612000000076],[-71.08564199999995,42.393647000000044],[-71.085794999999962,42.393760000000043],[-71.08588199999997,42.393827000000044],[-71.086614999999938,42.394385000000057],[-71.087371999999959,42.394951100000071],[-71.088134999999966,42.395527000000072],[-71.088625999999977,42.395894000000055],[-71.089578999999958,42.396605000000079],[-71.090856999999971,42.397577000000069],[-71.092138799999987,42.398542300000031],[-71.093440999999984,42.399642000000028],[-71.093805999999972,42.399988000000064],[-71.095043999999973,42.401304000000039],[-71.095144499999947,42.401423400000056],[-71.096059799999978,42.402446100000077],[-71.096521999999936,42.402969000000041],[-71.097781999999938,42.40437200000008],[-71.099170999999956,42.40591900000004],[-71.099348999999961,42.406105000000025],[-71.102543999999966,42.409781000000066],[-71.10334899999998,42.411294000000055],[-71.103592999999933,42.412230000000079],[-71.103709999999978,42.413556000000028],[-71.103714499999967,42.413669700000071],[-71.103748999999937,42.414203000000043],[-71.103774999999985,42.414619000000073],[-71.103785999999957,42.414837000000034],[-71.103823199999965,42.415681300000074],[-71.103843999999981,42.41603200000003],[-71.103859999999941,42.416264000000069],[-71.103861999999936,42.416321000000039],[-71.103912999999977,42.417383000000029],[-71.103950999999938,42.418670000000077],[-71.103947999999946,42.418778000000032],[-71.103786999999954,42.42010700000003],[-71.103456199999982,42.422652700000071],[-71.103399999999965,42.423064000000068],[-71.103122999999982,42.425924000000066],[-71.103119999999933,42.425992000000065],[-71.103117999999938,42.426040000000057],[-71.103048999999942,42.428468000000066],[-71.10297799999995,42.429824000000053],[-71.10275299999995,42.430952000000048],[-71.102536999999984,42.43172700000008],[-71.102422399999966,42.432366400000035],[-71.102397599999961,42.432503300000064],[-71.102281399999981,42.433420600000034],[-71.102336999999977,42.434823000000051],[-71.10289199999994,42.436756000000059],[-71.103307899999947,42.43803580000008],[-71.104690999999946,42.442336000000068],[-71.105030599999964,42.443981600000029],[-71.105068999999958,42.44579600000003],[-71.104706999999962,42.447787000000062],[-71.104642999999953,42.448023000000035],[-71.104444999999942,42.44867000000005],[-71.104413199999954,42.448777200000052],[-71.104367999999965,42.448930000000075],[-71.104172999999946,42.449621000000036],[-71.104030999999964,42.450067000000047],[-71.102285999999935,42.455964000000051],[-71.101975099999947,42.457518400000026],[-71.101931999999977,42.457902000000047],[-71.10190799999998,42.459421000000077],[-71.101934999999969,42.459656000000052],[-71.102316999999971,42.461561000000074],[-71.103059999999971,42.463314000000025],[-71.106446699999935,42.468283800000052],[-71.10716999999994,42.469282000000078],[-71.107223699999963,42.469354800000076],[-71.107845699999984,42.470240900000078],[-71.108456999999987,42.471111000000064],[-71.109587499999975,42.472724800000037],[-71.110005499999943,42.47331360000004],[-71.110409899999979,42.473871900000063],[-71.111200899999972,42.47499780000004],[-71.111540999999988,42.475481000000059],[-71.112149999999986,42.476327000000026],[-71.112509999999986,42.476818000000037],[-71.112617499999942,42.476982000000078],[-71.114577999999938,42.479749000000027],[-71.114726999999959,42.479956000000072],[-71.114828999999986,42.480089000000078],[-71.114977999999951,42.480316000000073],[-71.115103799999986,42.480503600000077],[-71.116058099999975,42.482117900000048],[-71.116101899999933,42.482204700000068],[-71.116431199999965,42.482876400000066],[-71.116687999999954,42.483521000000053],[-71.117349999999988,42.486071000000038],[-71.117555999999979,42.489285000000052],[-71.117607999999962,42.490411000000051],[-71.117605799999978,42.49066270000003],[-71.117802999999981,42.49502700000005],[-71.11781499999995,42.495290000000068],[-71.118126999999959,42.500059000000078],[-71.118205499999988,42.500451500000054],[-71.118394599999988,42.501259600000026],[-71.118531399999938,42.501678900000059],[-71.118614399999956,42.501896300000055],[-71.118649999999946,42.50199340000006],[-71.118709899999942,42.502159100000029],[-71.118758899999989,42.502292800000077],[-71.118771099999947,42.502328200000079],[-71.118794299999934,42.50241520000003],[-71.118830999999943,42.502531100000056],[-71.118879299999946,42.502670200000068],[-71.118904199999974,42.50275860000005],[-71.118847899999935,42.502956300000051],[-71.118769999999984,42.503375000000062],[-71.118374999999958,42.50364200000007],[-71.117197999999973,42.503502000000026],[-71.116389999999967,42.502946000000065],[-71.116332999999941,42.502553000000034],[-71.116631999999981,42.502247000000068],[-71.117828199999963,42.502228800000069],[-71.11803649999996,42.502237500000035],[-71.118175199999939,42.502204300000074],[-71.118669299999965,42.502279900000076],[-71.118758899999989,42.502292800000077],[-71.118976399999951,42.502335600000038],[-71.119089899999949,42.502351400000066],[-71.119140099999981,42.502353300000038],[-71.119196299999942,42.502365000000054],[-71.119499899999937,42.502415700000029],[-71.12040049999996,42.502588800000069],[-71.120488999999964,42.502600600000051],[-71.121086599999956,42.502704300000062],[-71.123175799999956,42.502984400000059],[-71.12438549999996,42.503065500000048],[-71.125426199999936,42.503049600000054],[-71.126274899999942,42.502999000000045],[-71.12645329999998,42.502991000000065],[-71.128147999999953,42.502914300000043],[-71.128375999999946,42.502898000000073],[-71.132552299999986,42.502592400000026],[-71.132681999999988,42.502584400000046],[-71.132885699999974,42.502576500000032],[-71.13458049999997,42.502446400000053],[-71.135331099999974,42.502380500000072],[-71.137124599999936,42.502146300000049],[-71.142135099999962,42.501493900000071],[-71.143331099999955,42.501340300000038],[-71.144503999999984,42.50118800000007],[-71.144874999999956,42.501137000000028],[-71.14864259999996,42.500665400000059],[-71.150754499999948,42.500374300000033],[-71.151982299999986,42.500220700000057],[-71.152256999999963,42.500199000000066],[-71.152426999999989,42.500178400000038],[-71.155769299999974,42.499739300000044],[-71.156276999999989,42.499665300000061],[-71.158085299999982,42.499424600000054],[-71.158362999999952,42.49939820000003],[-71.158479299999954,42.499382300000036],[-71.162620999999945,42.498754000000076],[-71.163308599999937,42.49862950000005],[-71.168579998999974,42.497666000000038],[-71.170962599999939,42.497242800000038],[-71.173785899999984,42.496731700000055],[-71.177816999999948,42.496013000000062],[-71.178240999999957,42.495931000000041],[-71.179115999999965,42.49575800000008],[-71.179742799999985,42.495622200000071],[-71.182281999999987,42.494838000000072],[-71.182508999999982,42.494748000000072],[-71.182662999999934,42.494684000000063],[-71.184191999999939,42.494037100000071],[-71.187083199999961,42.49231640000005],[-71.187309199999959,42.492149100000063],[-71.187630999999953,42.491894000000059],[-71.187725399999977,42.491815000000031],[-71.189049999999952,42.490781000000027],[-71.190344999999979,42.489793000000077],[-71.191097999999954,42.489173000000051],[-71.191503399999988,42.488855200000046],[-71.191565999999966,42.488805900000045],[-71.191597799999954,42.488783000000069],[-71.19168499999995,42.48871100000008],[-71.19204899999994,42.488420000000076],[-71.194104799999934,42.486845900000048],[-71.19456299999996,42.486521000000039],[-71.195348999999965,42.486004000000037],[-71.195928999999978,42.485623000000032],[-71.196352999999988,42.485352000000034],[-71.198268999999982,42.484232000000077],[-71.199515799999972,42.483561300000076],[-71.200439299999971,42.483098700000028],[-71.203663199999937,42.481671200000051],[-71.209165899999959,42.479788000000042],[-71.209788999999944,42.479604000000052],[-71.210402599999952,42.479513600000075],[-71.211719999999957,42.479175000000055],[-71.212062599999967,42.479072900000062],[-71.212284999999952,42.479007000000081],[-71.212409899999955,42.478972600000077],[-71.214380999999946,42.478386800000067],[-71.215219999999988,42.478129000000081],[-71.215402999999981,42.478080000000034],[-71.215694999999982,42.477994000000081],[-71.216361199999938,42.477793200000065],[-71.216590399999973,42.477719400000069],[-71.217353599999967,42.477687500000059],[-71.218284599999947,42.478096300000061],[-71.219171999999958,42.478531000000032],[-71.220832999999971,42.478876000000071],[-71.221557599999983,42.479565500000035],[-71.221796999999981,42.479868000000067],[-71.222290099999952,42.480565900000045],[-71.222565999999972,42.480864000000054],[-71.222641899999985,42.480978400000026],[-71.223207999999943,42.481784000000061],[-71.224867699999947,42.483867800000041],[-71.225655999999958,42.48474200000004],[-71.233094999999935,42.492167000000052],[-71.237219999999979,42.496278000000075],[-71.238066499999945,42.497111300000029],[-71.238570999999979,42.497626000000025],[-71.238717999999949,42.497769000000062],[-71.242162999999948,42.501194000000055],[-71.242263999999977,42.501297000000079],[-71.24291599999998,42.501934000000062],[-71.243020999999942,42.502043000000072],[-71.243129199999942,42.502147100000059],[-71.243235999999968,42.502256000000045],[-71.243719999999939,42.502759000000026],[-71.245105199999955,42.504129500000033],[-71.247627199999954,42.506629300000043],[-71.248043099999961,42.507025700000042],[-71.249925999999959,42.508899000000042],[-71.250255999999979,42.509228000000064],[-71.258672999999987,42.517600000000073],[-71.259198999999967,42.518110000000036],[-71.260422999999946,42.519339000000059],[-71.264890999999977,42.523616000000061],[-71.265879199999972,42.524388000000044],[-71.26664999999997,42.524965000000066],[-71.267628999999943,42.525642000000062],[-71.273293999999964,42.52942500000006],[-71.275459999999953,42.531403000000068],[-71.27727299999998,42.533712000000037],[-71.278837999999951,42.536057000000028],[-71.279699299999947,42.537345000000073],[-71.280414999999948,42.538432000000057],[-71.280711999999937,42.538854000000072],[-71.283400999999969,42.542887000000064],[-71.283472999999958,42.542978000000062],[-71.283836999999949,42.543498000000056],[-71.285320299999967,42.545451100000037],[-71.286350999999968,42.546746000000041],[-71.287070999999969,42.547632400000055],[-71.287314999999978,42.547931000000062],[-71.287615999999957,42.548328000000026],[-71.287820999999951,42.548600000000079],[-71.292918099999952,42.555047900000034],[-71.295604999999966,42.558452000000045],[-71.296869899999933,42.560038400000053],[-71.297010099999966,42.560220400000048],[-71.297091999999964,42.560322000000042],[-71.297872999999981,42.561311000000046],[-71.298142999999982,42.561652000000038],[-71.298304999999971,42.561851000000047],[-71.300597999999979,42.565045800000064],[-71.30089769999995,42.565569000000039],[-71.301597199999946,42.566893800000059],[-71.301783599999965,42.567281200000025],[-71.305498499999942,42.575709800000027],[-71.30684789999998,42.578802500000052],[-71.309180999999967,42.583928000000071],[-71.309753999999941,42.584921000000065],[-71.310678999999936,42.586268000000075],[-71.31103399999995,42.586725000000058],[-71.312716999999964,42.588854000000026],[-71.312811999999951,42.588971000000072],[-71.315789999999936,42.592734000000064],[-71.316795199999945,42.593993400000045],[-71.318682599999988,42.596388500000046],[-71.319111199999952,42.596897700000056],[-71.320648999999946,42.598879000000068],[-71.321356899999955,42.599770500000034],[-71.321450099999936,42.599895500000059],[-71.323064799999941,42.602074500000072],[-71.323354799999947,42.60289460000007],[-71.324293399999988,42.60503360000007],[-71.325006199999962,42.606727700000079],[-71.32517299999995,42.607126000000051],[-71.325224999999989,42.607256000000064],[-71.325274999999976,42.60737800000004],[-71.325324999999964,42.607503000000065],[-71.325531499999954,42.607993500000077],[-71.325585999999987,42.608513000000073],[-71.325291999999934,42.608838000000048],[-71.324775999999986,42.608914000000027],[-71.323925999999972,42.608682000000044],[-71.323582999999985,42.608449000000064],[-71.323536999999988,42.608169000000032],[-71.32372399999997,42.607907000000068],[-71.324103099999945,42.607737400000076],[-71.325235999999961,42.607512000000042],[-71.325324999999964,42.607503000000065],[-71.325597999999957,42.607491300000049],[-71.325804999999946,42.607470000000035],[-71.326029999999946,42.607453000000078],[-71.32743929999998,42.60736890000004],[-71.329471799999965,42.607305500000052],[-71.330998599999987,42.607252500000072],[-71.331952999999942,42.607220000000041],[-71.332434999999975,42.607203000000027],[-71.333350799999948,42.607171700000038],[-71.334680399999968,42.60710970000008],[-71.335528099999976,42.60698380000008],[-71.33635049999998,42.606923100000074],[-71.337449599999957,42.606809800000065],[-71.338806799999986,42.606620300000031],[-71.339225199999987,42.606553200000064],[-71.340652099999943,42.606265000000064],[-71.34114029999995,42.606154400000037],[-71.342422399999975,42.605866200000037],[-71.344110999999941,42.605428000000074],[-71.344496999999933,42.605334000000028],[-71.344584999999938,42.605310000000031],[-71.344794999999976,42.605263000000036],[-71.349325999999962,42.604209000000026],[-71.350502999999946,42.603929000000051],[-71.35136579999994,42.603727800000058],[-71.353786999999954,42.603169000000037],[-71.353962999999965,42.603123000000039],[-71.355024999999955,42.602877000000035],[-71.357168999999942,42.602324000000067],[-71.358959999999968,42.601681000000042],[-71.35972819999995,42.601350000000025],[-71.360770799999955,42.600866800000063],[-71.363833099999965,42.599175400000036],[-71.364741099999947,42.598670600000048],[-71.371527999999955,42.594910000000027],[-71.37491319999998,42.593036200000029],[-71.377237999999977,42.59173700000008],[-71.377525099999957,42.591580000000079],[-71.377613399999973,42.591531700000075],[-71.378824999999949,42.590890000000059],[-71.386329999999987,42.586778000000038],[-71.391413199999988,42.584827200000063],[-71.397649799999954,42.582660700000076],[-71.403448999999966,42.580677000000037],[-71.409455999999977,42.578598000000056],[-71.410977999999943,42.57806400000004],[-71.412090299999988,42.577670700000056],[-71.413388999999938,42.57721040000007],[-71.416578299999969,42.575842900000055],[-71.419263099999966,42.57434470000004],[-71.421280199999956,42.572969700000044],[-71.422117999999955,42.57232700000003],[-71.422174999999982,42.57228200000003],[-71.423218799999972,42.571483000000057],[-71.424290399999961,42.570658500000036],[-71.425411999999938,42.569794000000059],[-71.425927999999942,42.569397000000038],[-71.426665999999955,42.568834000000038],[-71.433146999999963,42.563888800000029],[-71.433761599999968,42.563419800000077],[-71.437910999999986,42.560288000000071],[-71.440511999999956,42.558819000000028],[-71.443833999999981,42.557496000000071],[-71.448265999999933,42.556415000000072],[-71.449916999999971,42.556034000000068],[-71.468833999999958,42.551753000000076],[-71.472403999999983,42.550942000000077],[-71.473885899999971,42.550602300000037],[-71.477051999999958,42.549849000000052],[-71.478201999999953,42.549535100000071],[-71.478426999999954,42.549473000000035],[-71.479929999999968,42.548979000000031],[-71.480481999999938,42.548778000000027],[-71.483932999999979,42.547280000000057],[-71.485616299999947,42.546366500000033],[-71.486789199999976,42.545678500000065],[-71.488871999999958,42.544167000000073],[-71.48975699999994,42.543442000000027],[-71.491118799999981,42.542192100000079],[-71.49314099999998,42.539927000000034],[-71.49319399999996,42.539856000000043],[-71.493371999999965,42.539634000000035],[-71.493852999999945,42.539026000000035],[-71.495308899999941,42.53720560000005],[-71.496170999999947,42.536118000000045],[-71.496518099999946,42.535684100000026],[-71.496630999999979,42.535543000000075],[-71.49718699999994,42.534837000000039],[-71.497348999999986,42.534644000000071],[-71.499736399999961,42.531667200000072],[-71.50021449999997,42.53106930000007],[-71.504424399999948,42.525827600000071],[-71.505038799999966,42.525045400000067],[-71.505202199999985,42.524844500000029],[-71.505626899999982,42.524347000000034],[-71.506230599999981,42.523639800000069],[-71.507201299999963,42.523026800000025],[-71.509036999999978,42.522783000000061],[-71.510468999999944,42.522403000000054],[-71.511245999999971,42.522428000000048],[-71.512445499999956,42.522804000000065],[-71.512487999999962,42.522823500000072],[-71.512524499999984,42.522841000000028],[-71.512571499999979,42.522862500000031],[-71.516295999999954,42.524579000000074],[-71.517409999999984,42.525089000000037],[-71.518645599999957,42.525653700000078],[-71.51888699999995,42.525764000000038],[-71.520774999999958,42.526633000000061],[-71.520821299999966,42.526654400000041],[-71.521840999999938,42.527130000000056],[-71.524540999999942,42.52807800000005],[-71.527312999999936,42.52846500000004],[-71.529763999999943,42.528377000000035],[-71.533839999999941,42.527655000000038],[-71.536763999999948,42.52711400000004],[-71.550730999999985,42.52451700000006],[-71.554452999999967,42.523834000000079],[-71.558011999999962,42.523161000000073],[-71.561899099999948,42.522629300000062],[-71.564248999999961,42.522609000000045],[-71.567025999999942,42.522783000000061],[-71.572967999999946,42.52322300000003],[-71.573133999999982,42.523235000000057],[-71.578145999999947,42.523610000000076],[-71.578802999999937,42.523652000000027],[-71.58175099999994,42.523875000000032],[-71.581871999999976,42.523884000000066],[-71.582597499999963,42.523942800000043],[-71.582962799999962,42.523970700000064],[-71.584649999999954,42.524091000000055],[-71.586094299999957,42.524201700000049],[-71.587057999999956,42.524270700000045],[-71.589805999999953,42.524159000000054],[-71.592175999999938,42.523544000000072],[-71.594052999999974,42.522598000000073],[-71.596686999999974,42.520690000000059],[-71.598531999999977,42.519537000000071],[-71.600260999999989,42.518816000000072],[-71.603137999999944,42.517722000000049],[-71.604386999999974,42.517385000000047],[-71.605109999999968,42.517252000000042],[-71.605466099999944,42.517202300000065],[-71.606693999999948,42.517110000000059],[-71.608978999999977,42.517271000000051],[-71.627988999999957,42.519907000000046],[-71.63311699999997,42.520625000000052],[-71.633565999999973,42.520684000000074],[-71.634890999999982,42.520862000000079],[-71.635747499999979,42.520957300000077],[-71.638935999999944,42.521411000000057],[-71.641765999999961,42.521562000000074],[-71.644799099999943,42.521374000000037],[-71.647543399999961,42.520866200000057],[-71.648017999999979,42.520741000000044],[-71.654161999999985,42.518766000000028],[-71.65815299999997,42.517496000000051],[-71.661152999999956,42.516849000000036],[-71.664539999999988,42.516503000000057],[-71.667245999999977,42.516519000000073],[-71.66808199999997,42.516570100000081],[-71.680996299999947,42.518281200000047],[-71.691561999999976,42.519719000000066],[-71.692519199999936,42.519849500000078],[-71.697444999999959,42.520527000000072],[-71.697714099999985,42.520564100000058],[-71.705912999999953,42.521533000000034],[-71.710644999999943,42.521611000000064],[-71.712111399999969,42.521604700000069],[-71.714260999999965,42.521609000000069],[-71.716247899999985,42.52171560000005],[-71.718064999999967,42.521942000000081],[-71.722610799999984,42.522882600000059],[-71.724150399999985,42.523372900000027],[-71.72617809999997,42.52416160000007],[-71.72784919999998,42.525019500000042],[-71.730362399999933,42.526551500000039],[-71.732692999999983,42.528243400000065],[-71.732906499999956,42.528406400000051],[-71.733084799999972,42.528542000000073],[-71.73414699999995,42.529415700000072],[-71.735054999999988,42.530198000000041],[-71.735642799999937,42.530719800000043],[-71.737013999999988,42.531924500000059],[-71.739733999999942,42.534352000000069],[-71.740806999999961,42.535308000000043],[-71.741169999999954,42.535587000000078],[-71.741833699999972,42.536064600000032],[-71.742280999999934,42.536395000000027],[-71.743384599999956,42.537167500000066],[-71.743936399999939,42.537552400000038],[-71.74468399999995,42.538029000000051],[-71.744946999999968,42.538211000000047],[-71.752080999999976,42.542994000000078],[-71.752950799999951,42.543474200000048],[-71.755794999999978,42.544761000000051],[-71.759017399999948,42.545748200000048],[-71.759811499999955,42.545946600000036],[-71.759890299999938,42.545966100000044],[-71.760005099999944,42.545994400000041],[-71.76005379999998,42.546003800000051],[-71.760715399999981,42.54617490000004],[-71.761192999999935,42.546345000000031],[-71.761328999999989,42.54639700000007],[-71.761681799999963,42.546548100000052],[-71.763010899999983,42.547414400000036],[-71.764648999999963,42.54936500000008],[-71.765823899999987,42.550431800000069],[-71.76613999999995,42.550650000000076],[-71.768500999999958,42.551809000000048],[-71.770878999999979,42.552353700000026],[-71.771603999999968,42.552410000000066],[-71.773109299999987,42.552362200000061],[-71.774609999999939,42.552229000000068],[-71.776153999999963,42.552092000000073],[-71.778768299999967,42.551862500000027],[-71.782081999999946,42.551575000000071],[-71.782663999999954,42.551522000000034],[-71.783511999999973,42.551462000000072],[-71.785309899999959,42.551400000000058],[-71.78542699999997,42.551396000000068],[-71.786147399999948,42.551370000000077],[-71.786551499999973,42.551357300000063],[-71.787253799999974,42.551325600000041],[-71.790420999999981,42.551513000000057],[-71.795590899999979,42.552572700000042],[-71.797937999999988,42.552980000000048],[-71.799686999999949,42.552698000000078],[-71.800792999999942,42.552091000000075],[-71.80314119999997,42.550004200000046],[-71.804385999999965,42.548919000000069],[-71.805876999999953,42.54803000000004],[-71.807808999999963,42.547477000000072],[-71.809114999999963,42.547393000000056],[-71.813500999999974,42.547630000000026],[-71.815080999999964,42.547488500000043],[-71.815846999999962,42.547399000000041],[-71.817241499999966,42.547186700000054],[-71.81885699999998,42.546957000000077],[-71.82031829999994,42.546857000000045],[-71.823169499999949,42.547177100000056],[-71.82973579999998,42.549142900000049],[-71.829879999999946,42.549177000000043],[-71.830173599999966,42.549234000000069],[-71.83164899999997,42.549355000000048],[-71.831939299999988,42.549349100000029],[-71.836885299999949,42.548868500000026],[-71.84060599999998,42.548694000000069],[-71.843564899999933,42.54903360000003],[-71.843971299999964,42.549104700000044],[-71.844228799999939,42.549157100000059],[-71.844326699999954,42.549176800000055],[-71.847076999999956,42.549740000000043],[-71.847201999999982,42.549765000000036],[-71.847968999999978,42.54991300000006],[-71.853235999999981,42.550269000000071],[-71.859203899999955,42.549434600000041],[-71.861111999999935,42.549134000000038],[-71.862750999999946,42.548652000000061],[-71.863423999999952,42.548381200000051],[-71.864690999999937,42.547863000000063],[-71.866368999999963,42.547264000000041],[-71.868309499999953,42.546766800000057],[-71.869686899999977,42.546426900000029],[-71.871765299999936,42.545875800000033],[-71.872398999999973,42.545705000000055],[-71.880427999999938,42.543461000000036],[-71.882852299999968,42.542739500000039],[-71.883059699999933,42.542670400000077],[-71.887499999999989,42.541463000000078],[-71.890424999999937,42.541357000000062],[-71.89070849999996,42.541386500000044],[-71.892055999999968,42.541615000000036],[-71.893663199999935,42.542101000000059],[-71.897778799999969,42.54376220000006],[-71.902010999999959,42.545507000000043],[-71.902578999999946,42.54574800000006],[-71.904193499999963,42.546479800000043],[-71.905735199999981,42.547253200000057],[-71.908893999999975,42.548979000000031],[-71.913679999999943,42.551608000000044],[-71.921540999999934,42.55585700000006],[-71.923932999999977,42.556884000000025],[-71.926268299999947,42.557676800000081],[-71.92810499999996,42.558181000000047],[-71.931867999999952,42.558895000000064],[-71.936263999999937,42.559484000000054],[-71.939309999999978,42.55989100000005],[-71.941511199999979,42.560178600000029],[-71.950920999999937,42.561432000000025],[-71.951115699999946,42.561456100000044],[-71.953249999999969,42.561661000000072],[-71.958233999999948,42.561840000000075],[-71.970170999999937,42.562095000000056],[-71.973587499999951,42.56261040000004],[-71.978448999999955,42.564082000000042],[-71.978610999999944,42.564130000000034],[-71.979196599999966,42.56431450000008],[-71.97985099999994,42.56452500000006],[-71.981137999999987,42.564999000000057],[-71.983004999999935,42.565779000000077],[-71.983479599999953,42.565978800000039],[-71.984491099999957,42.566399900000079],[-71.98712839999996,42.567365000000052],[-71.988171599999987,42.567534700000067],[-71.99026299999997,42.567521000000056],[-71.992023999999958,42.567129000000079],[-71.992326999999989,42.567034000000035],[-71.99249599999996,42.56697100000008],[-71.992920999999967,42.56681100000003],[-71.993643999999961,42.566517000000033],[-71.994527999999946,42.566092000000026],[-71.996102999999948,42.565273000000047],[-71.996932999999956,42.564824000000044],[-71.998114999999984,42.564220000000034],[-71.99924569999996,42.563637500000027],[-72.002308099999937,42.562052300000062],[-72.004672999999968,42.560894000000076],[-72.006668999999988,42.560176900000044],[-72.009459999999933,42.559504000000061],[-72.010544999999979,42.559347800000069],[-72.013404999999977,42.559166000000062],[-72.016607999999962,42.55915200000004],[-72.020504999999957,42.559141000000068],[-72.021588999999949,42.559109000000035],[-72.02384399999994,42.558902000000046],[-72.026540799999964,42.558420400000045],[-72.030347999999947,42.557364000000064],[-72.032357999999988,42.55681700000008],[-72.036298099999954,42.556154700000036],[-72.036556999999959,42.55613100000005],[-72.039150999999947,42.556100600000036],[-72.041161999999986,42.556313000000046],[-72.041870999999958,42.556435000000079],[-72.043946999999946,42.556956000000071],[-72.045694799999978,42.557589200000052],[-72.046717999999942,42.558042000000057],[-72.048225999999943,42.558850000000064],[-72.053218299999969,42.562096700000041],[-72.057157099999984,42.564594800000066],[-72.058168999999964,42.565175000000067],[-72.058340999999984,42.565273000000047],[-72.05919849999998,42.565729300000044],[-72.063330999999948,42.567606000000069],[-72.06777139999997,42.569091400000048],[-72.069170499999984,42.569460400000025],[-72.072749999999985,42.570216000000073],[-72.078649999999982,42.57087800000005],[-72.080673999999988,42.570949000000041],[-72.084073999999987,42.570900000000051],[-72.090004999999962,42.570284000000072],[-72.099818999999968,42.568458000000078],[-72.101806999999951,42.568214000000069],[-72.103746999999942,42.568055000000072],[-72.105305199999975,42.567983200000072],[-72.108249999999941,42.567976000000044],[-72.111860699999966,42.568210000000079],[-72.114727999999957,42.568578000000059],[-72.117782999999974,42.569168000000047],[-72.120409599999959,42.56971800000008],[-72.121999999999957,42.570051000000035],[-72.122481999999934,42.570153000000062],[-72.122903999999949,42.570242000000064],[-72.127279999999985,42.571162000000072],[-72.12737999999996,42.571182000000078],[-72.127982999999972,42.571309000000042],[-72.128075999999965,42.571329000000048],[-72.128193999999951,42.571356000000037],[-72.128383999999983,42.571398000000045],[-72.128857099999948,42.57150050000007],[-72.129758799999934,42.571686500000055],[-72.131950199999949,42.572052100000064],[-72.132449999999949,42.572095000000047],[-72.134266499999967,42.572303000000034],[-72.136522399999933,42.572605900000042],[-72.141426699999954,42.572870800000032],[-72.150493899999958,42.572157700000048],[-72.154139099999952,42.572376000000077],[-72.156531599999937,42.572894500000075],[-72.165005999999948,42.575349700000061],[-72.170327399999962,42.576522400000044],[-72.17055309999995,42.57656860000003],[-72.170682499999941,42.576597600000071],[-72.172324799999956,42.576905400000044],[-72.174606399999959,42.577093300000058],[-72.175675999999953,42.577097600000059],[-72.178252399999963,42.576942100000053],[-72.178472499999941,42.576930600000026],[-72.182762899999943,42.576592600000026],[-72.185100399999953,42.576200500000027],[-72.187888699999974,42.575459700000067],[-72.191009999999949,42.57436000000007],[-72.19867759999994,42.571620600000074],[-72.200875999999937,42.570839400000068],[-72.201008599999966,42.570796100000052],[-72.201229099999978,42.57072880000004],[-72.204749099999958,42.569496300000026],[-72.207963099999972,42.568588700000078],[-72.218535799999984,42.56619470000004],[-72.218851899999947,42.566124200000047],[-72.219212699999957,42.566039100000069],[-72.223113799999965,42.565146000000027],[-72.223867699999971,42.564974000000063],[-72.225486699999976,42.564606800000035],[-72.229480199999955,42.563901200000032],[-72.233157299999959,42.56371340000004],[-72.233676799999955,42.563703600000053],[-72.235185699999988,42.563680800000043],[-72.246686799999964,42.56356640000007],[-72.247090699999944,42.563579900000036],[-72.247448399999939,42.563598300000081],[-72.247959599999945,42.563629200000037],[-72.250814499999933,42.564028300000075],[-72.250948599999958,42.564010500000052],[-72.252930499999934,42.564504100000079],[-72.256331699999976,42.565652800000066],[-72.258150199999989,42.566065700000081],[-72.260124299999973,42.566190200000051],[-72.261752399999978,42.566049900000053],[-72.265373399999987,42.565109600000028],[-72.267577999999958,42.564445000000035],[-72.271298799999954,42.563365200000078],[-72.273836999999958,42.562636000000055],[-72.274072999999987,42.562568000000056],[-72.274332799999968,42.562527100000068],[-72.274521399999969,42.562470000000076],[-72.274601799999971,42.562448400000051],[-72.274750599999948,42.56240420000006],[-72.277326899999935,42.561664700000051],[-72.279127399999936,42.561141600000042],[-72.280109799999934,42.560858300000064],[-72.281193199999962,42.560546100000067],[-72.284572499999967,42.559546100000034],[-72.284978999999964,42.559420000000046],[-72.285342499999956,42.559315800000036],[-72.285747399999934,42.559197700000027],[-72.289584999999988,42.558089000000052],[-72.291644199999951,42.557562400000052],[-72.293378699999948,42.557323100000076],[-72.29593269999998,42.557281000000046],[-72.297971799999971,42.557510400000069],[-72.299115099999938,42.557751900000028],[-72.301541999999984,42.558566000000042],[-72.301680999999974,42.558627400000034],[-72.313467999999943,42.565386000000046],[-72.317643199999964,42.568397900000036],[-72.320469599999967,42.570511400000044],[-72.320956099999933,42.570914800000025],[-72.322712999999965,42.572827000000075],[-72.32354799999996,42.574192000000039],[-72.324115499999948,42.57560790000008],[-72.325928999999974,42.58404100000007],[-72.326480999999944,42.585370000000069],[-72.327396299999975,42.586762200000067],[-72.328696399999956,42.588162500000067],[-72.33048279999997,42.589485600000046],[-72.335034999999948,42.591768000000059],[-72.338234999999941,42.593340000000069],[-72.338776999999936,42.593586000000073],[-72.339357299999961,42.593879800000025],[-72.339911299999983,42.594157200000041],[-72.341024299999958,42.594694100000027],[-72.341700399999979,42.595024700000067],[-72.344848699999943,42.596468000000073],[-72.346356999999955,42.596831000000066],[-72.34770199999997,42.59694200000007],[-72.352318999999966,42.596651000000065],[-72.353886999999986,42.596756000000028],[-72.355527199999983,42.597116200000073],[-72.355828499999973,42.597193200000049],[-72.357184999999959,42.597540000000038],[-72.357442999999989,42.597606000000042],[-72.358825999999965,42.597953000000075],[-72.359334099999955,42.59808090000007],[-72.359496999999976,42.598121900000081],[-72.359699999999975,42.598173000000031],[-72.359812199999965,42.59820140000005],[-72.360340999999949,42.598335000000077],[-72.361090399999966,42.598523100000079],[-72.361882999999978,42.598722000000066],[-72.362007999999946,42.598753300000055],[-72.363012999999967,42.598989000000074],[-72.364021999999977,42.599143000000026],[-72.364659999999958,42.599192000000073],[-72.365505999999982,42.59921200000008],[-72.366718799999944,42.599204500000042],[-72.36679399999997,42.59920500000004],[-72.368101599999989,42.599214500000073],[-72.369657999999959,42.599401000000057],[-72.372269999999958,42.600081000000046],[-72.374198999999976,42.600161000000071],[-72.376393399999984,42.600101600000073],[-72.37646449999994,42.600101600000073],[-72.377312099999983,42.600095700000054],[-72.377763999999956,42.600092800000027],[-72.380502599999943,42.600036500000044],[-72.381950999999958,42.599969400000077],[-72.383206199999961,42.599715700000047],[-72.385577299999966,42.598543900000038],[-72.385771999999974,42.598459000000048],[-72.387128999999959,42.598117400000035],[-72.389477199999988,42.598092700000052],[-72.39139229999995,42.598425400000053],[-72.392741999999942,42.598884000000055],[-72.394132999999954,42.599150000000066],[-72.394549199999972,42.599211500000081],[-72.395100999999954,42.59929900000003],[-72.397435999999971,42.599691000000064],[-72.400677999999971,42.599688000000071],[-72.401033999999981,42.599788000000046],[-72.402000999999984,42.600063000000034],[-72.402291999999989,42.600121000000058],[-72.403229999999951,42.600305000000048],[-72.403953999999942,42.600634000000071],[-72.405350999999939,42.601579000000072],[-72.406141999999988,42.602391000000068],[-72.406556999999964,42.602850000000046],[-72.406401999999957,42.602952000000073],[-72.406186999999989,42.603227000000061],[-72.405992999999967,42.60355700000008],[-72.406059999999968,42.603942000000075],[-72.40746299999995,42.606556000000069],[-72.40789099999995,42.607621000000051],[-72.408125999999982,42.609797000000071],[-72.408513999999968,42.611517000000049],[-72.410719999999969,42.613823000000025],[-72.413442999999972,42.615535000000079],[-72.414756499999953,42.620387100000073],[-72.414704999999969,42.62314200000003],[-72.41489299999995,42.624013000000048],[-72.415493999999967,42.625001000000054],[-72.417226999999968,42.626295000000027],[-72.418095999999935,42.628266000000053],[-72.418742099999974,42.629886800000065],[-72.419464299999959,42.631948100000045],[-72.420079899999962,42.634375900000066],[-72.421485999999959,42.638828600000068],[-72.421750999999972,42.640773000000081],[-72.42369599999995,42.640606000000048],[-72.424177999999984,42.640692000000058],[-72.425318999999945,42.641257000000053],[-72.427540999999962,42.642891000000077],[-72.428462999999965,42.643447000000037],[-72.430229999999938,42.643940000000043],[-72.433642899999938,42.643324100000029],[-72.433779999999956,42.643298000000073],[-72.434413999999947,42.643283000000054],[-72.436100999999951,42.643705000000068],[-72.437186999999938,42.64423800000003],[-72.438481999999965,42.645310000000052],[-72.440464999999961,42.647528000000079],[-72.441230999999959,42.647874000000058],[-72.443102999999951,42.648248000000081],[-72.446020999999973,42.648206000000073],[-72.446973999999955,42.64802700000007],[-72.44789899999995,42.648308000000043],[-72.448182999999972,42.648824000000047],[-72.448941999999988,42.649193000000025],[-72.451464999999985,42.649535000000071],[-72.452674999999942,42.649460000000033],[-72.455196999999941,42.649732000000029],[-72.45595099999997,42.649925000000053],[-72.456308999999976,42.650225000000034],[-72.456641999999988,42.651012000000037],[-72.456314999999961,42.651923000000068],[-72.456270999999958,42.653009000000054],[-72.457556999999952,42.656178000000068],[-72.458343999999954,42.657049000000029],[-72.460466999999937,42.65754000000004],[-72.461572999999987,42.657987000000048],[-72.46138609999997,42.658618100000069],[-72.460440999999946,42.661915000000079],[-72.460309999999936,42.66742400000004],[-72.46027799999996,42.669976000000077],[-72.460524499999963,42.671414000000027],[-72.461161999999945,42.674148000000059],[-72.461056699999972,42.67761610000008],[-72.461360999999954,42.679626000000042],[-72.461412199999984,42.680025300000068],[-72.461434999999938,42.680876000000069],[-72.461235999999985,42.682018000000028],[-72.460098999999957,42.684518000000025],[-72.460043999999982,42.684779000000049],[-72.461145999999985,42.684817000000066],[-72.462239999999952,42.684857000000079],[-72.462477999999976,42.684865000000059],[-72.462704999999971,42.684875000000034],[-72.463999999999942,42.684929000000068],[-72.464817599999947,42.684962400000074],[-72.465700599999934,42.684980000000053],[-72.467811999999981,42.684791000000075],[-72.469496099999958,42.684362000000078],[-72.470561999999973,42.683981000000074],[-72.471489899999938,42.683643800000027],[-72.471736999999962,42.683554000000072],[-72.472513999999933,42.683269000000053],[-72.473696999999959,42.682844000000046],[-72.473963999999967,42.682746900000041],[-72.475489999999979,42.682192000000043],[-72.480498999999952,42.680370000000039],[-72.481748299999936,42.679914500000052],[-72.482492999999977,42.679639000000066],[-72.483827499999961,42.679160900000056],[-72.486922999999933,42.678230000000042],[-72.489785999999981,42.677629000000024],[-72.491553999999951,42.677294000000074],[-72.49542299999996,42.676557000000059],[-72.496250999999972,42.676379000000054],[-72.498011499999961,42.675840900000026],[-72.498581899999976,42.675623700000074],[-72.499204999999961,42.675376000000028],[-72.499705999999946,42.675181000000066],[-72.502425399999936,42.674096400000053],[-72.504951999999946,42.673231000000044],[-72.505372999999963,42.67311200000006],[-72.505682999999976,42.673020000000065],[-72.510217999999952,42.672068000000081],[-72.513854999999978,42.67122100000006],[-72.516945099999987,42.67019490000007],[-72.517533899999933,42.669984500000055],[-72.519124999999974,42.669525000000078],[-72.520817999999963,42.669341000000031],[-72.52890199999996,42.669758900000033],[-72.532178699999974,42.669782600000076],[-72.536837499999933,42.67006310000005],[-72.537906999999961,42.670173000000034],[-72.539831699999979,42.670360000000073],[-72.540004599999975,42.67037520000008],[-72.540506099999959,42.670686000000046],[-72.540693899999951,42.671159500000044],[-72.541000999999937,42.672006000000067],[-72.542289199999971,42.673330700000065],[-72.542337399999951,42.674306800000068],[-72.542313299999989,42.674474500000031],[-72.542062999999985,42.676161400000069],[-72.541452999999933,42.680311000000074],[-72.541304999999966,42.682421000000033],[-72.541653999999937,42.685104000000081],[-72.542508599999962,42.687615100000073],[-72.543601999999964,42.690563000000054],[-72.544565999999975,42.692473000000064],[-72.54577299999994,42.69420800000006],[-72.547471999999971,42.696034000000054],[-72.549851999999987,42.697936000000027],[-72.553143999999975,42.699823000000038],[-72.555375999999967,42.701108000000033],[-72.556984999999941,42.702282000000025],[-72.561005999999963,42.706014000000039],[-72.56296999999995,42.70833900000008],[-72.564223999999967,42.710526000000073],[-72.56544729999996,42.713937200000032],[-72.566779999999937,42.717706000000078],[-72.567099499999983,42.718626500000028],[-72.567747999999938,42.720515000000034],[-72.568289999999934,42.722090000000037],[-72.568304499999954,42.722132100000067],[-72.569763999999964,42.726613000000043],[-72.570017999999948,42.728605000000073],[-72.569958999999983,42.730120000000056],[-72.568712599999969,42.735463300000049],[-72.568131199999982,42.737779000000046],[-72.566685799999959,42.743466600000033],[-72.56623529999996,42.745445200000063],[-72.566082699999981,42.746964300000059],[-72.566434999999956,42.75062500000007],[-72.566441999999938,42.752428000000066],[-72.565245399999981,42.759181600000034],[-72.564405999999963,42.762819000000036],[-72.562449999999956,42.767985000000067],[-72.561689999999942,42.770376000000056],[-72.561263599999961,42.773925400000053],[-72.560181999999941,42.785052000000064],[-72.560346599999946,42.787705600000038],[-72.560661899999957,42.790064000000029],[-72.561442599999964,42.795633100000032],[-72.561480999999958,42.795906000000059],[-72.561809899999957,42.798123500000031],[-72.562045999999953,42.799901000000034],[-72.562261399999954,42.800972000000058],[-72.562446999999963,42.801517000000047],[-72.563212999999962,42.802961000000039],[-72.564557999999977,42.804719000000034],[-72.565939699999944,42.807159500000068],[-72.567970799999955,42.812646000000029],[-72.568041899999969,42.812851600000045],[-72.568889399999989,42.815180200000043],[-72.569712799999934,42.817430400000035],[-72.570089899999971,42.819159900000045],[-72.569784999999968,42.820921000000055],[-72.569110999999964,42.822156000000064],[-72.567240999999967,42.824537900000053],[-72.567109199999948,42.824702700000046],[-72.565685999999971,42.826572000000056],[-72.564914999999985,42.82815800000003],[-72.564556999999979,42.829888000000039],[-72.564694999999972,42.831795500000055],[-72.564888199999984,42.832524300000046],[-72.565029599999946,42.832936700000062],[-72.565076999999974,42.833266000000037],[-72.565501999999981,42.834691000000078],[-72.566274599999986,42.835660400000052],[-72.566372199999989,42.835930900000051],[-72.566246799999988,42.836162100000081],[-72.566192799999953,42.836261600000057],[-72.566006999999956,42.836604300000033],[-72.565867899999944,42.836942200000067],[-72.565742499999942,42.837262100000032],[-72.56556919999997,42.837756500000069],[-72.565549799999985,42.837806900000032],[-72.565533799999969,42.837849900000037],[-72.565555599999982,42.837904000000037],[-72.565524599999947,42.837995300000046],[-72.565296799999942,42.838549700000044],[-72.565106499999956,42.839130600000033],[-72.564916399999959,42.839711600000044],[-72.56471229999994,42.840276300000028],[-72.56419109999996,42.841559700000062],[-72.564105599999948,42.841772000000049],[-72.564029699999935,42.841955300000052],[-72.563945299999943,42.842162100000053],[-72.563844499999959,42.842477300000041],[-72.56348799999995,42.843441200000029],[-72.563159499999983,42.84391190000008],[-72.56303349999996,42.844204200000036],[-72.563079699999946,42.844620700000064],[-72.563201899999967,42.845005600000036],[-72.563166699999954,42.845581400000071],[-72.56302409999995,42.845870200000036],[-72.562690599999939,42.846388500000046],[-72.562360799999965,42.84690820000003],[-72.56226909999998,42.847055400000045],[-72.561639199999945,42.84793650000006],[-72.561085099999957,42.848383500000068],[-72.561060399999974,42.848726600000077],[-72.56100749999996,42.848980300000051],[-72.560990699999934,42.849112000000048],[-72.560921699999938,42.849467900000036],[-72.561111499999981,42.850114200000064],[-72.560981699999957,42.850798400000031],[-72.560987999999952,42.85083700000007],[-72.561179099999947,42.851277000000039],[-72.560253799999941,42.851692900000046],[-72.559070899999938,42.851961300000028],[-72.558453999999983,42.852051800000027],[-72.557967699999949,42.85212510000008],[-72.558157999999935,42.852488300000061],[-72.558271999999988,42.852706600000033],[-72.558507815999974,42.853196499000035]],[[-72.558507815999974,42.853196499000035],[-72.558536799999956,42.853261200000077],[-72.559120199999938,42.853251900000032],[-72.559738099999947,42.853361800000073],[-72.560489399999938,42.853494100000034],[-72.561941999999988,42.853409400000032],[-72.562954699999977,42.853346400000078],[-72.564744399999938,42.853077600000063],[-72.566347299999961,42.852390200000059],[-72.566507999999942,42.852331500000048],[-72.568396399999983,42.85229970000006],[-72.568805499999939,42.852314500000034],[-72.570696099999964,42.852111500000035],[-72.570789099999956,42.85208410000007],[-72.572192899999948,42.851723700000036],[-72.574973499999942,42.851307100000042],[-72.575070299999936,42.85129180000007],[-72.577099099999941,42.850981900000079],[-72.577410699999973,42.850933400000031],[-72.578480199999944,42.850836100000038],[-72.578798999999947,42.850793200000055],[-72.578919499999984,42.850774800000067],[-72.579217599999936,42.850725700000055],[-72.579495699999939,42.850686500000052],[-72.579815899999971,42.850639400000034],[-72.580231399999946,42.850570600000026],[-72.58057569999994,42.850509400000078],[-72.581155899999942,42.850412700000049],[-72.58174299999996,42.850287600000058],[-72.582890199999952,42.850190400000031],[-72.58324829999998,42.850175200000081],[-72.583544599999982,42.850159000000076],[-72.585101399999985,42.850070300000027],[-72.585100799999964,42.849845100000039],[-72.585390099999984,42.849557600000026],[-72.585442899999975,42.849505700000066],[-72.585527699999943,42.84941630000003],[-72.585572999999954,42.849333500000057],[-72.586272999999949,42.849542800000052],[-72.586299799999949,42.849617500000079]],[[-72.586299799999949,42.849617500000079],[-72.586272999999949,42.849542800000052],[-72.585572999999954,42.849333500000057],[-72.585527699999943,42.84941630000003],[-72.585442899999975,42.849505700000066],[-72.585390099999984,42.849557600000026],[-72.585100799999964,42.849845100000039],[-72.585101399999985,42.850070300000027],[-72.585400999999933,42.850076300000069],[-72.585772999999961,42.850125100000071],[-72.586034099999949,42.850175300000046],[-72.587327799999969,42.850097900000037],[-72.589597199999957,42.85033610000005],[-72.596633299999951,42.851869400000055],[-72.597976499999959,42.852352000000053],[-72.598973799999953,42.852764200000081],[-72.599695599999961,42.853103800000042],[-72.600177799999983,42.853406800000073],[-72.600273399999935,42.85349240000005],[-72.600420999999983,42.853633900000034],[-72.600569199999939,42.853807300000028],[-72.601675599999965,42.855426100000045],[-72.602102899999977,42.855942800000037],[-72.602646599999957,42.856840800000043],[-72.602765499999975,42.85704590000006],[-72.602855299999987,42.857200700000078],[-72.602883299999974,42.857249000000081],[-72.602922299999989,42.857313500000032],[-72.602982099999963,42.857412300000078],[-72.603789999999947,42.858932000000038],[-72.60433299999994,42.859670700000038],[-72.605855399999939,42.860733100000061],[-72.605942999999968,42.860797800000057],[-72.606550699999957,42.861328800000081],[-72.607686399999977,42.862833400000056],[-72.608935599999938,42.863591000000042],[-72.60910389999998,42.863684400000068],[-72.612160699999947,42.865013700000077],[-72.612465499999985,42.865129100000047],[-72.617300599999965,42.866401000000053],[-72.618130099999973,42.866655000000037],[-72.619667999999933,42.867010400000026],[-72.620747399999971,42.86723070000005],[-72.621253399999944,42.867349800000056],[-72.622079399999961,42.867526100000077],[-72.622527799999943,42.867612500000064],[-72.622684299999946,42.867641500000047],[-72.624270599999988,42.867397100000062],[-72.624468799999988,42.867332300000044],[-72.625085799999965,42.867176700000073],[-72.626313899999957,42.867213800000059],[-72.626647399999968,42.867219300000045],[-72.63019769999994,42.867150400000071],[-72.630987299999958,42.867237900000077],[-72.631897899999956,42.86728880000004],[-72.63296889999998,42.867266800000039],[-72.634269999999958,42.867554000000041],[-72.636998499999947,42.86886620000007],[-72.637053399999957,42.86889640000004],[-72.641442199999972,42.871125000000063],[-72.643466099999955,42.87182080000008],[-72.644811499999946,42.871888400000046],[-72.647226499999988,42.871549100000038],[-72.651298699999984,42.870966100000032],[-72.653292799999974,42.871022100000062],[-72.655449799999985,42.87066580000004],[-72.656490699999949,42.870791800000063],[-72.65740859999994,42.87118090000007],[-72.658437599999957,42.872094300000072],[-72.659983699999941,42.873561800000061],[-72.661182199999985,42.874487300000055],[-72.662165799999968,42.875219000000072],[-72.662377099999958,42.875316500000054],[-72.663682999999935,42.875603600000034],[-72.664933399999939,42.875931700000081],[-72.665490899999952,42.876039200000037],[-72.666995099999951,42.876357800000051],[-72.667916999999989,42.876864000000069],[-72.668514099999982,42.877076600000066],[-72.669229499999972,42.877121000000045],[-72.67040899999995,42.876740000000041],[-72.670731399999966,42.876559400000076],[-72.671075599999938,42.876352200000042],[-72.671858699999973,42.875911100000053],[-72.672512199999971,42.875632100000075],[-72.674160099999938,42.875311500000066],[-72.675265899999943,42.875714600000038],[-72.676455399999952,42.876149800000064],[-72.677456899999981,42.876808800000049],[-72.678266399999984,42.877039400000058],[-72.681437999999957,42.877704600000072],[-72.682064399999945,42.877778800000044],[-72.682428699999946,42.877775800000052],[-72.683972399999959,42.877637800000059],[-72.684443899999962,42.877369800000054],[-72.684670099999948,42.877050600000075],[-72.68490369999995,42.876437300000077],[-72.685166299999935,42.875919200000055],[-72.68546269999996,42.875684800000045],[-72.68644919999997,42.875552800000037],[-72.687035499999979,42.875638800000047],[-72.68785459999998,42.875917800000025],[-72.688353599999971,42.87650780000007],[-72.688558499999942,42.876778800000068],[-72.689400499999977,42.877400800000032],[-72.690438499999971,42.877746800000068],[-72.690979199999958,42.87789870000006],[-72.691903699999955,42.878100800000027],[-72.693867299999965,42.87824210000008],[-72.69405519999998,42.878249900000071],[-72.694221899999945,42.878255300000035],[-72.694907399999977,42.878289500000051],[-72.695982799999967,42.878486500000065],[-72.697459199999969,42.879469200000074],[-72.699438899999961,42.880118100000061],[-72.700418299999967,42.88019920000005],[-72.701317699999947,42.87997450000006],[-72.701666199999977,42.879854800000032],[-72.702263799999969,42.879663200000039],[-72.706418099999951,42.879315800000029],[-72.709112699999935,42.877955600000064],[-72.710828299999946,42.875403000000063],[-72.712767999999983,42.873282800000027],[-72.71382959999994,42.872710200000029],[-72.716225899999984,42.871960800000068],[-72.718545999999947,42.870389000000046],[-72.719003499999985,42.870040700000061],[-72.719856499999935,42.869277000000068],[-72.720791799999972,42.86809130000006],[-72.721331999999961,42.867329000000041],[-72.721537999999953,42.867049000000065],[-72.72232409999998,42.866273900000067],[-72.722951199999954,42.866071600000055],[-72.723809099999983,42.866094900000064],[-72.724337999999989,42.866303300000027],[-72.72482599999995,42.866702900000064],[-72.72500139999994,42.866866500000071],[-72.725212899999974,42.86707720000004],[-72.725958899999966,42.867736800000046],[-72.72691999999995,42.868155500000057],[-72.728024299999959,42.868285200000059],[-72.729046599999947,42.868148000000076],[-72.731436999999971,42.867095000000063],[-72.73386499999998,42.865953000000047],[-72.738452999999936,42.863563600000077],[-72.739373999999941,42.863300000000038],[-72.740271899999982,42.863226900000029],[-72.741788199999974,42.86341630000004],[-72.743543499999987,42.863956300000041],[-72.747041799999977,42.865014700000074],[-72.748044899999968,42.865013200000078],[-72.749025599999982,42.864794000000074],[-72.74936699999995,42.864658000000077],[-72.749594999999943,42.864561000000037],[-72.751427899999953,42.863701500000047],[-72.752560699999947,42.863253400000076],[-72.75371389999998,42.863086000000067],[-72.754869999999983,42.863083700000061],[-72.758583099999953,42.863076300000046],[-72.76047159999996,42.862627900000064],[-72.761690299999941,42.861802200000056],[-72.762508599999933,42.861321700000076],[-72.765375099999972,42.860728600000073],[-72.766578299999935,42.860327900000073],[-72.767358999999942,42.859837900000059],[-72.768882899999937,42.858490500000073],[-72.769031599999948,42.858365400000025],[-72.770176499999934,42.857790800000032],[-72.770267799999942,42.857557700000029],[-72.771196999999972,42.857146000000057],[-72.771860999999944,42.856961000000069],[-72.77299499999998,42.856902000000048],[-72.776945999999953,42.857270000000028],[-72.780501999999956,42.85751300000004],[-72.783217999999977,42.857807000000037],[-72.78385899999995,42.858002000000056],[-72.784232999999972,42.858536000000072],[-72.784682999999973,42.859825000000058],[-72.785308999999984,42.860325000000046],[-72.786323999999979,42.860062000000028],[-72.786437999999976,42.859818000000075],[-72.78752899999995,42.859284400000035],[-72.787854299999935,42.859261900000035],[-72.788220499999966,42.858848100000046],[-72.788517699999943,42.857675000000029],[-72.788707799999941,42.857025500000077],[-72.789119899999946,42.856540700000039],[-72.791663199999959,42.855198200000075],[-72.792328199999986,42.85449090000003],[-72.792674599999941,42.853572500000041],[-72.793055799999934,42.853153500000076],[-72.793646299999978,42.852852600000062],[-72.794772499999965,42.852806900000076],[-72.795271799999966,42.852936100000079],[-72.795958599999949,42.853156600000034],[-72.79657439999994,42.853356500000075],[-72.797532799999942,42.853722700000048],[-72.798391299999935,42.854404700000032],[-72.798782799999969,42.855150700000081],[-72.799232099999983,42.857452300000034],[-72.799983999999938,42.858317000000056],[-72.799067999999977,42.85783900000007],[-72.79833330799994,42.857104198000059]],[[-72.79833330799994,42.857104198000059],[-72.799067999999977,42.85783900000007],[-72.799983999999938,42.858317000000056],[-72.800038799999982,42.858354400000053],[-72.80120809999994,42.858862300000055],[-72.802820999999938,42.859148400000038],[-72.802964499999973,42.859173000000055],[-72.805558699999949,42.859503800000027],[-72.806511599999965,42.859312200000033],[-72.807516499999963,42.858716500000071],[-72.80995269999994,42.855939800000044],[-72.810638499999982,42.855431900000042],[-72.811594899999989,42.855066300000033],[-72.81449269999996,42.854915700000049],[-72.814513899999952,42.854526200000066],[-72.814849999999979,42.853863000000047],[-72.814588199999946,42.852527300000077],[-72.814897755999937,42.852414907000025]],[[-72.814897755999937,42.852414907000025],[-72.814588199999946,42.852527300000077],[-72.814849999999979,42.853863000000047],[-72.814513899999952,42.854526200000066],[-72.81449269999996,42.854915700000049],[-72.815057799999977,42.854900900000075],[-72.81568649999997,42.854890300000079],[-72.815843499999971,42.854887200000064],[-72.819542799999965,42.854803600000025],[-72.820742799999948,42.854903700000079],[-72.823604399999965,42.855652400000054],[-72.824473599999976,42.855701100000033],[-72.825350599999979,42.855644000000041],[-72.826842699999986,42.855282100000068],[-72.829407999999944,42.853857800000071],[-72.830595399999936,42.853553100000056],[-72.833249599999988,42.853390200000035],[-72.834543799999949,42.853536500000075],[-72.836062699999957,42.854040300000065],[-72.837396099999978,42.854925000000037],[-72.838485799999944,42.85607600000003],[-72.838982699999974,42.85663100000005],[-72.839997399999959,42.857693500000039],[-72.840829199999973,42.858222600000033],[-72.841953499999988,42.858934500000032],[-72.842663999999957,42.859648700000037],[-72.843356399999948,42.860258700000031],[-72.844133099999965,42.86060370000007],[-72.845275999999956,42.860762500000078],[-72.849487899999986,42.860443000000032],[-72.849562899999967,42.860443000000032],[-72.851009799999986,42.860468500000025],[-72.851617199999964,42.860487500000033],[-72.852152699999976,42.860557400000062],[-72.852995099999987,42.86095320000004],[-72.853185599999961,42.861148000000071],[-72.853232199999979,42.861214100000041],[-72.853896499999962,42.862161600000036],[-72.854557199999988,42.862788300000034],[-72.854620499999953,42.862830900000063],[-72.856561499999941,42.863816900000074],[-72.857395799999949,42.864176800000052],[-72.858726699999977,42.864589500000079],[-72.861365999999975,42.865180000000066],[-72.862095499999953,42.865344800000059],[-72.864358799999934,42.865831900000046],[-72.864657199999954,42.865895400000056],[-72.864759399999969,42.865916100000049],[-72.866547299999979,42.866312500000049],[-72.868128499999955,42.866795700000068],[-72.868295699999976,42.866848700000048],[-72.869992599999989,42.867696900000055],[-72.870462599999939,42.867984600000057],[-72.870892699999956,42.868319800000052],[-72.871021799999937,42.868415000000027],[-72.871227099999942,42.868542000000048],[-72.871337299999936,42.868616200000076],[-72.87147699999997,42.868698800000061],[-72.872448399999939,42.86916640000004],[-72.873703399999954,42.869774000000064],[-72.874103499999933,42.869989900000064],[-72.874262199999976,42.870083000000079],[-72.874855599999989,42.870391200000029],[-72.875576499999966,42.870593100000065],[-72.877098999999987,42.870660000000044],[-72.877404199999944,42.870674000000065],[-72.877718499999958,42.870688400000063],[-72.879555499999981,42.870840800000053],[-72.880902853999942,42.871186589000047]],[[-72.880902853999942,42.871186589000047],[-72.88169739999995,42.871314900000073],[-72.88208469999995,42.871331800000064],[-72.883273999999972,42.871244000000047],[-72.884220099999936,42.871264100000076],[-72.88502219999998,42.871679000000029],[-72.885587299999941,42.87208540000006],[-72.886349199999984,42.872644100000059],[-72.889026199999989,42.873901200000034],[-72.890235099999984,42.874108800000045],[-72.890624499999944,42.874121500000058],[-72.890940099999966,42.876811800000041],[-72.892547999999977,42.876999000000069],[-72.892966999999942,42.877945000000068],[-72.89340199999998,42.879848000000038],[-72.893699999999967,42.880997000000036],[-72.894149999999968,42.882023000000061],[-72.89479799999998,42.883301000000074],[-72.89485899999994,42.884365000000059],[-72.894827199999952,42.885287100000028],[-72.894464999999968,42.888750000000073],[-72.894460099999947,42.889054400000077],[-72.894439999999975,42.889992000000063],[-72.893859999999961,42.89075900000006],[-72.892456999999979,42.890785000000051],[-72.884627999999964,42.890545000000031],[-72.883460999999954,42.890396000000067],[-72.883666999999946,42.891071000000068],[-72.883681999999965,42.89352800000006],[-72.883277999999962,42.897026000000039],[-72.882873999999958,42.898682000000065],[-72.882999999999981,42.899364000000048],[-72.883162999999968,42.899980000000028],[-72.883445999999935,42.900703000000078],[-72.883506999999952,42.901323000000048],[-72.883447999999987,42.90200800000008],[-72.88341939999998,42.902275000000031],[-72.883334399999967,42.903352900000073],[-72.883191999999951,42.904844000000026],[-72.883135999999979,42.905904000000078],[-72.882468699999947,42.90704240000008],[-72.881868999999938,42.908239800000047],[-72.880039799999963,42.909443300000078],[-72.879056899999966,42.90996240000004],[-72.878514899999971,42.910260200000039],[-72.879928999999947,42.911541000000057],[-72.881172399999969,42.91291190000004],[-72.881232999999952,42.913132000000076],[-72.882331999999963,42.914165000000025],[-72.883307999999943,42.91536300000007],[-72.88335399999994,42.915951000000064],[-72.883010999999954,42.917046000000028],[-72.883025999999973,42.917393000000061],[-72.883495499999981,42.918393000000037],[-72.883666999999946,42.920235000000048],[-72.884609999999952,42.922620000000052],[-72.885167999999965,42.925021000000072],[-72.885711999999955,42.92640300000005],[-72.885813999999982,42.926596000000075],[-72.886888699999986,42.92793370000004],[-72.88850599999995,42.928650300000072],[-72.888853999999981,42.929004500000076],[-72.889105099999938,42.929358100000059],[-72.889277299999947,42.929755000000057],[-72.889477799999952,42.930294600000025],[-72.889823999999976,42.931530000000066],[-72.889945999999952,42.932706000000053],[-72.890044999999986,42.93396800000005],[-72.889654999999948,42.93471900000003],[-72.889327999999978,42.935211000000038],[-72.889136999999948,42.936031000000071],[-72.889224199999944,42.937288800000033],[-72.889433399999973,42.938525900000059],[-72.889373999999975,42.939281000000051],[-72.888705999999956,42.940784000000065],[-72.888566999999966,42.941176000000041],[-72.888350999999943,42.942410000000052],[-72.888391999999953,42.943025000000034],[-72.888171199999988,42.946799700000042],[-72.888181999999972,42.949663000000044],[-72.888175999999987,42.950417000000073],[-72.888068999999973,42.95354100000003],[-72.888243599999953,42.958068900000058],[-72.888305999999943,42.958534000000043],[-72.888391999999953,42.959103800000037],[-72.888450999999975,42.959227000000055],[-72.888764999999978,42.960020000000043],[-72.889945999999952,42.962849000000062],[-72.890052999999966,42.963100000000054],[-72.89020899999997,42.963568000000066],[-72.89022099999994,42.964153000000067],[-72.890235999999959,42.964592000000039],[-72.890159899999958,42.96508300000005],[-72.890149999999949,42.96513200000004],[-72.889940999999965,42.965689000000054],[-72.889876999999956,42.965862000000072],[-72.889731999999981,42.966275000000053],[-72.889669499999968,42.966771200000039],[-72.889673699999946,42.966992900000037],[-72.889696299999969,42.967296600000054],[-72.889937999999972,42.968767000000071],[-72.89024969999997,42.97052560000003],[-72.890625999999941,42.971080000000029],[-72.890834199999972,42.971366400000079],[-72.890971799999988,42.971465800000033],[-72.891393299999947,42.971505600000057],[-72.891506399999969,42.971479100000067],[-72.892191899999943,42.971796300000051],[-72.892463999999961,42.972092000000032],[-72.893140699999947,42.97214740000004],[-72.893308899999965,42.972187400000053],[-72.894210999999984,42.972450000000038],[-72.894483999999977,42.972501000000079],[-72.894922799999961,42.972499700000071],[-72.895377999999937,42.97234700000007],[-72.895831799999939,42.972123700000054],[-72.895937999999944,42.972066000000041],[-72.896157999999957,42.971940000000075],[-72.897155999999939,42.971149000000025],[-72.897216999999955,42.970792000000074],[-72.897162999999978,42.970581000000038],[-72.896559899999943,42.969568500000037],[-72.897279699999956,42.969293300000061],[-72.896507799999938,42.968486100000064],[-72.895783599999959,42.968258500000047],[-72.895365833999961,42.967790444000059]],[[-72.895365833999961,42.967790444000059],[-72.895783599999959,42.968258500000047],[-72.896507799999938,42.968486100000064],[-72.897279699999956,42.969293300000061],[-72.896559899999943,42.969568500000037],[-72.897162999999978,42.970581000000038],[-72.897216999999955,42.970792000000074],[-72.897155999999939,42.971149000000025],[-72.896157999999957,42.971940000000075],[-72.895937999999944,42.972066000000041],[-72.895831799999939,42.972123700000054],[-72.895377999999937,42.97234700000007],[-72.894922799999961,42.972499700000071],[-72.894483999999977,42.972501000000079],[-72.894210999999984,42.972450000000038],[-72.893308899999965,42.972187400000053],[-72.893140699999947,42.97214740000004],[-72.892463999999961,42.972092000000032],[-72.891995799999961,42.972124800000074],[-72.891869199999974,42.972130800000059],[-72.891683999999941,42.97212890000003],[-72.891326999999933,42.972076000000072],[-72.89091499999995,42.971966000000066],[-72.890238399999987,42.971465600000045],[-72.888976399999933,42.97088720000005],[-72.88763419999998,42.970679100000041],[-72.888481999999954,42.979971000000035],[-72.888976999999954,42.985500000000059],[-72.889007999999933,42.987207000000069],[-72.888999999999953,42.987782000000038],[-72.888999999999953,42.990089000000069],[-72.888884299999972,42.991327000000069],[-72.887591999999984,42.996123000000068],[-72.887127999999962,42.997410000000059],[-72.886994999999956,42.998731000000078],[-72.886635999999953,42.999827000000039],[-72.885856999999987,43.001242000000047],[-72.885466999999949,43.002382000000068],[-72.884546999999941,43.003641000000073],[-72.884048999999948,43.00411900000006],[-72.882154499999956,43.005364800000052],[-72.878878999999984,43.007884000000047],[-72.87867099999994,43.008023500000036],[-72.878315099999952,43.008254300000033],[-72.877063999999962,43.008784000000048],[-72.87440399999997,43.008947000000035],[-72.873027999999977,43.009470000000078],[-72.871878999999979,43.010163000000034],[-72.870555999999965,43.010617000000025],[-72.869393999999943,43.010786000000053],[-72.866921599999955,43.010810400000025],[-72.865881999999942,43.011030000000062],[-72.862901999999963,43.01214600000003],[-72.862337999999966,43.012535000000071],[-72.862051999999949,43.012988000000064],[-72.862023699999952,43.013060600000074],[-72.862011399999972,43.013092300000039],[-72.861434699999961,43.014713000000029],[-72.860631999999953,43.016365000000064],[-72.859625199999982,43.017736100000036],[-72.858415299999933,43.018422800000053],[-72.857246399999951,43.019377900000052],[-72.856217099999981,43.019768700000043],[-72.855427999999961,43.020218800000066],[-72.854923199999973,43.020852600000069],[-72.854150999999945,43.022397400000045],[-72.852981799999952,43.023655800000029],[-72.852908499999955,43.024054900000067],[-72.853041899999937,43.024735700000065],[-72.852925099999936,43.026792900000032],[-72.852831399999957,43.027788400000077],[-72.852653499999974,43.028138000000069],[-72.852491199999974,43.028326900000025],[-72.851589199999978,43.029229800000053],[-72.851270899999975,43.029776200000072],[-72.851202899999976,43.03006060000007],[-72.851486999999963,43.030368000000067],[-72.851611999999989,43.030671000000041],[-72.851308099999983,43.031235700000025],[-72.851083999999958,43.031590000000051],[-72.850450399999943,43.032078800000079],[-72.849578999999949,43.03247900000008],[-72.84434239999996,43.033714500000031],[-72.844224499999939,43.033750200000043],[-72.843160599999976,43.033965700000067],[-72.842033299999969,43.033831300000031],[-72.839387099999954,43.032642500000065],[-72.837293099999954,43.030684600000029],[-72.835695099999953,43.029786000000058],[-72.832061999999951,43.028227000000072],[-72.829677999999944,43.026821000000041],[-72.828902999999968,43.026581000000078],[-72.827886999999976,43.026484000000039],[-72.825766999999985,43.026401000000078],[-72.823425999999984,43.02540300000004],[-72.821763999999973,43.025058000000058],[-72.821223999999972,43.025115000000028],[-72.820723999999984,43.025361000000032],[-72.820212999999967,43.026165000000049],[-72.819956599999955,43.026861000000054],[-72.819150999999977,43.029190000000028],[-72.819060999999977,43.030674000000033],[-72.818842899999936,43.031419300000039],[-72.817916999999966,43.03310300000004],[-72.817017999999962,43.033955000000049],[-72.816191999999944,43.034362000000044],[-72.815152999999952,43.034613000000036],[-72.809944199999961,43.034801400000049],[-72.805194699999959,43.034422500000062],[-72.803202299999953,43.033792600000027],[-72.801067999999987,43.033735200000081],[-72.800104599999941,43.033541900000046],[-72.798738499999956,43.03317160000006],[-72.79782229999995,43.033330100000057],[-72.796915499999955,43.034231100000056],[-72.796706899999947,43.035301900000036],[-72.796546999999975,43.035763000000031],[-72.796160999999984,43.036222000000066],[-72.794038199999989,43.037284200000045],[-72.792388999999957,43.038383000000067],[-72.791467099999977,43.039447600000074],[-72.791249199999982,43.039673100000073],[-72.791024299999947,43.039873500000056],[-72.790644999999984,43.040170800000055],[-72.790093999999954,43.040536000000031],[-72.789504999999963,43.040726000000063],[-72.788558999999964,43.040760000000034],[-72.78834889999996,43.04177750000008],[-72.788283399999955,43.042156400000067],[-72.78804219999995,43.042887400000041],[-72.787001499999974,43.044143900000051],[-72.786708299999987,43.044696400000078],[-72.786254999999983,43.046848000000068],[-72.785694999999976,43.049071000000026],[-72.785535599999946,43.050411600000075],[-72.785527999999942,43.050579000000027],[-72.785520599999984,43.051677200000029],[-72.785459999999944,43.053178000000059],[-72.785439999999937,43.053299000000038],[-72.785234999999943,43.054296100000045],[-72.785220599999946,43.054357200000027],[-72.785205899999937,43.054419400000029],[-72.785191899999973,43.054478900000049],[-72.785163699999941,43.05459890000003],[-72.784759999999949,43.056025000000034],[-72.784392999999966,43.056701000000032],[-72.78376499999996,43.057277000000056],[-72.782936999999947,43.058214000000078],[-72.78185499999995,43.059226000000081],[-72.781035999999972,43.059487000000047],[-72.779790999999989,43.059273000000076],[-72.779474999999934,43.059147000000053],[-72.778885999999943,43.058867000000077],[-72.777895999999942,43.058571000000029],[-72.776108999999963,43.05855100000008],[-72.774335999999948,43.058434000000034],[-72.771786999999961,43.057629000000077],[-72.771224999999959,43.05771100000004],[-72.770078999999953,43.058178000000055],[-72.768676999999968,43.058363000000043],[-72.767521999999985,43.058518000000049],[-72.766553999999985,43.058996000000036],[-72.76275899999996,43.061845000000062],[-72.761818999999946,43.063427000000047],[-72.761496999999963,43.063710000000071],[-72.760830999999939,43.06388000000004],[-72.759036999999978,43.063937000000067],[-72.75718999999998,43.064134000000081],[-72.755228999999986,43.064887000000056],[-72.75490949999994,43.065028300000051],[-72.753885899999943,43.065730100000053],[-72.753841999999963,43.065776000000028],[-72.753544999999974,43.066089000000034],[-72.753312999999935,43.06633400000004],[-72.75324489999997,43.06640740000006],[-72.752924999999948,43.066819000000066],[-72.753142999999966,43.067566000000056],[-72.752990999999952,43.068377100000077],[-72.752044999999953,43.06999200000007],[-72.751983999999936,43.072075000000041],[-72.751319999999964,43.072170000000028],[-72.750014999999962,43.07209000000006],[-72.749824999999987,43.072247000000061],[-72.749106999999981,43.074074000000053],[-72.74890929999998,43.075731300000029],[-72.748702999999978,43.076530000000048],[-72.748748999999975,43.077015000000074],[-72.75000799999998,43.078316000000029],[-72.751533999999936,43.079010000000039],[-72.751939099999959,43.079656800000066],[-72.752646999999968,43.08081100000004],[-72.753653999999983,43.081715000000031],[-72.754909999999938,43.083371800000066],[-72.755259399999943,43.083795900000041],[-72.75694649999997,43.084160300000065],[-72.757046199999934,43.084201900000039],[-72.760320699999966,43.085512000000051],[-72.762284099999988,43.085831300000052],[-72.763786099999948,43.08632300000005],[-72.766264499999977,43.087512000000061],[-72.767200599999967,43.088087900000062],[-72.768546999999955,43.089292600000078],[-72.768938599999956,43.089948700000036],[-72.769013699999959,43.090634300000033],[-72.76887499999998,43.091576000000032],[-72.768920999999978,43.092503000000079],[-72.770347999999956,43.095268000000033],[-72.770770299999981,43.097202400000072],[-72.771308699999963,43.097893100000078],[-72.772666999999956,43.099339000000043],[-72.773419499999989,43.099749900000063],[-72.77436739999996,43.099986100000081],[-72.774468999999954,43.099998400000061],[-72.778176599999938,43.100097600000026],[-72.778556799999933,43.100058900000079],[-72.780156299999987,43.099887900000056],[-72.781782999999962,43.099677000000042],[-72.782527999999957,43.09948200000008],[-72.78367499999996,43.09869800000007],[-72.785114999999962,43.097905000000026],[-72.785922999999968,43.097717000000046],[-72.786738999999955,43.097763000000043],[-72.78747199999998,43.098038000000031],[-72.78810169999997,43.098580200000072],[-72.789004899999952,43.099573100000043],[-72.790512499999977,43.101076400000068],[-72.791904499999987,43.102750800000081],[-72.793866999999977,43.104766000000041],[-72.794822199999942,43.106082300000025],[-72.797317999999962,43.110046000000068],[-72.79832209999995,43.110987300000033],[-72.800399999999968,43.112026000000071],[-72.800523999999939,43.112096000000065],[-72.801230999999973,43.112586300000032],[-72.80204539999994,43.113458600000058],[-72.803259399999945,43.115908300000058],[-72.803747699999974,43.116623300000072],[-72.805589399999974,43.117888100000073],[-72.806540799999937,43.118623400000047],[-72.807242999999971,43.119408000000078],[-72.808910099999935,43.12069850000006],[-72.810900299999957,43.122907300000065],[-72.812247999999954,43.125340000000051],[-72.812629999999956,43.126534000000049],[-72.81301099999996,43.128643000000068],[-72.814008899999976,43.130421100000035],[-72.815940999999953,43.132603000000074],[-72.818364599999938,43.133932000000073],[-72.818947799999933,43.134193200000027],[-72.820647999999949,43.134930000000054],[-72.821619199999986,43.135736400000042],[-72.822577999999965,43.136517000000026],[-72.823063999999988,43.137404300000071],[-72.823274399999946,43.137869200000068],[-72.823992699999962,43.13907910000006],[-72.824257199999977,43.13936700000005],[-72.826478999999949,43.141305000000045],[-72.827471999999943,43.142239000000075],[-72.828798899999981,43.143511000000046],[-72.830488999999943,43.144201000000066],[-72.835250999999971,43.145748000000026],[-72.836544999999944,43.146041000000025],[-72.838455999999951,43.14617400000003],[-72.839721299999951,43.146184800000071],[-72.840983699999981,43.146188300000063],[-72.841130499999963,43.146755600000063],[-72.841267499999958,43.147247400000026],[-72.841686799999934,43.149298900000076],[-72.841166799999939,43.150279800000078],[-72.841089999999951,43.150347600000032],[-72.840888799999959,43.150520700000072],[-72.839666599999987,43.151562500000068],[-72.838901699999951,43.152458800000034],[-72.838197999999977,43.15441480000004],[-72.837157999999988,43.157879000000037],[-72.837280399999941,43.159138100000064],[-72.837353999999948,43.159353300000078],[-72.837811999999985,43.16110400000008],[-72.837531999999953,43.162979000000064],[-72.83733449999994,43.163492800000029],[-72.836272999999949,43.165813000000071],[-72.835532999999941,43.167088000000035],[-72.83466199999998,43.168232000000046],[-72.834102999999971,43.16880100000003],[-72.832496999999989,43.170120000000054],[-72.831270999999958,43.170634000000064],[-72.830367999999964,43.170803000000035],[-72.829406999999946,43.170817600000078],[-72.82544699999994,43.170399000000032],[-72.823874399999966,43.170612200000051],[-72.82311999999996,43.170873800000038],[-72.821973999999955,43.171698700000036],[-72.821526399999982,43.172357100000056],[-72.821080699999982,43.173476400000027],[-72.820134499999938,43.176898700000038],[-72.818825999999945,43.179165000000069],[-72.817664999999977,43.180923000000064],[-72.814628999999968,43.183807000000058],[-72.814055999999937,43.184456000000068],[-72.81359109999994,43.18531130000008],[-72.813311399999975,43.186234900000045],[-72.813242999999943,43.18698900000004],[-72.813416999999959,43.188028000000031],[-72.814578199999971,43.190355600000032],[-72.814956999999936,43.191044000000034],[-72.815406999999936,43.19180700000004],[-72.815406999999936,43.192200000000071],[-72.815324999999973,43.192331000000081],[-72.815230999999983,43.192481000000043],[-72.815166899999952,43.192583900000045],[-72.815032999999971,43.192799000000036],[-72.815349199999957,43.192977600000063],[-72.816016999999988,43.193325000000073],[-72.816449999999975,43.19375000000008],[-72.816517999999974,43.194001000000071],[-72.816197999999986,43.194577000000038],[-72.81616269999995,43.194921400000055],[-72.816274199999953,43.195207100000061],[-72.81654599999996,43.195589000000041],[-72.817376399999944,43.196216900000024],[-72.818935999999951,43.197369000000037],[-72.819718599999987,43.198101300000076],[-72.821238999999935,43.199767000000065],[-72.821515999999974,43.200466000000063],[-72.821537299999989,43.201170300000058],[-72.821332999999981,43.202870000000075],[-72.821745999999962,43.203372000000059],[-72.822433999999987,43.204108000000076],[-72.822970899999973,43.205864000000076],[-72.823809199999971,43.208284200000037],[-72.823608199999967,43.210647200000039],[-72.82361949999995,43.210774600000036],[-72.823635199999956,43.210900700000025],[-72.824166999999989,43.213820000000055],[-72.824055999999985,43.214233000000036],[-72.823413999999957,43.215228000000025],[-72.822449999999947,43.217669000000058],[-72.822270999999944,43.218655000000069],[-72.821876999999972,43.219415000000026],[-72.82039199999997,43.220915000000048],[-72.819793999999945,43.222663000000068],[-72.818719999999985,43.224094000000036],[-72.817652899999985,43.225902400000052],[-72.817569099999957,43.226017900000045],[-72.816474399999947,43.227793400000053],[-72.816389399999935,43.227930900000047],[-72.816036999999938,43.228383000000065],[-72.815024699999981,43.22908410000008],[-72.81468979999994,43.229337900000075],[-72.814390699999933,43.229353300000071],[-72.814250899999934,43.229354400000034],[-72.814105099999949,43.229355600000076],[-72.813832299999945,43.22934760000004],[-72.813703099999941,43.229335900000081],[-72.811459399999933,43.228471600000034],[-72.810740399999986,43.228150300000038],[-72.809180799999979,43.227448500000037],[-72.807775399999969,43.22689070000007],[-72.807347899999968,43.22718720000006],[-72.806684999999959,43.227945000000034],[-72.806325799999968,43.228747400000032],[-72.806299799999977,43.228866100000062],[-72.806189999999958,43.229313000000047],[-72.805839999999989,43.229698000000042],[-72.805388999999934,43.229904000000033],[-72.804989099999943,43.230022800000029],[-72.804931999999951,43.230038000000036],[-72.803697399999976,43.230323000000055],[-72.802648399999953,43.230600000000038],[-72.801468499999942,43.23112610000004],[-72.800317099999972,43.231857600000069],[-72.799349699999937,43.232688800000062],[-72.797973999999954,43.23473400000006],[-72.797461999999939,43.235470000000078],[-72.796913199999949,43.236664400000052],[-72.796807099999967,43.238629200000048],[-72.796159599999953,43.240377500000079],[-72.795864999999935,43.242421000000036],[-72.795963999999969,43.244850000000042],[-72.795973999999944,43.247145000000046],[-72.796058999999957,43.248778000000073],[-72.795487899999955,43.249645500000042],[-72.795014999999978,43.250556000000074],[-72.795080999999982,43.251135000000033],[-72.795538999999962,43.25235500000008],[-72.795816999999943,43.253958000000068],[-72.795610999999951,43.254603000000031],[-72.795108999999968,43.254893000000038],[-72.793712999999968,43.25518100000005],[-72.793583699999942,43.255207200000029],[-72.791925999999933,43.255569000000037],[-72.791611999999986,43.255673100000081],[-72.791430999999989,43.25574000000006],[-72.790250999999955,43.256425000000036],[-72.789268999999933,43.257698000000062],[-72.787467999999933,43.261002000000076],[-72.787023999999974,43.262060400000053],[-72.787270599999943,43.263465200000041],[-72.787810999999977,43.265552000000071],[-72.788933999999983,43.26886200000007],[-72.788976999999988,43.269648000000075],[-72.788626999999963,43.271544000000063],[-72.788943999999958,43.27477900000008],[-72.789675999999986,43.27817200000004],[-72.790380999999968,43.280181900000059],[-72.790435399999978,43.280259500000057],[-72.792761999999982,43.282802000000061],[-72.793354299999976,43.284182400000077],[-72.793365499999936,43.284248700000035],[-72.793315999999948,43.285314000000028],[-72.793099499999983,43.286756400000058],[-72.793095999999935,43.287036000000057],[-72.793121699999972,43.287462000000062],[-72.793138499999941,43.289186900000061],[-72.793094199999985,43.289511400000038],[-72.792995099999985,43.290217200000029],[-72.79294436899994,43.290714721000029]],[[-72.79294436899994,43.290714721000029],[-72.792941199999973,43.290745800000025],[-72.79289289999997,43.291126500000075],[-72.792844399999979,43.291360600000075],[-72.792830699999968,43.291431400000079],[-72.792718699999966,43.291864900000064],[-72.792701999999963,43.291909000000032],[-72.792623999999989,43.292035000000055],[-72.792365299999972,43.292252100000042],[-72.791823999999963,43.292503000000067],[-72.790371599999958,43.293374300000039],[-72.790081099999952,43.293568100000073],[-72.789162999999974,43.294584000000043],[-72.787607899999955,43.297002200000065],[-72.787558599999954,43.297069300000032],[-72.787334699999974,43.297373100000073],[-72.786547999999982,43.298456000000044],[-72.786145399999953,43.299223500000039],[-72.785851999999977,43.300573000000043],[-72.785824999999988,43.303869000000077],[-72.786592999999982,43.306490000000053],[-72.786855999999943,43.309591000000069],[-72.787420999999938,43.312395000000038],[-72.787192599999969,43.31642910000005],[-72.787078999999949,43.317191000000037],[-72.786621999999966,43.31815000000006],[-72.782966999999985,43.322412000000043],[-72.781605999999954,43.324074000000053],[-72.780887999999948,43.325780000000066],[-72.780810999999972,43.327333000000067],[-72.781128999999964,43.328540000000032],[-72.784583999999938,43.33408200000008],[-72.785020999999972,43.334794000000045],[-72.785399999999981,43.335504000000071],[-72.785658999999953,43.336065000000076],[-72.785984599999949,43.336797300000057],[-72.785191999999938,43.337388000000033],[-72.783661999999936,43.338564000000076],[-72.782849999999939,43.339489000000071],[-72.782471999999984,43.340322000000072],[-72.782038999999941,43.34243900000007],[-72.781613999999934,43.342987000000051],[-72.78083689999994,43.343529300000057],[-72.778243199999963,43.344758100000035],[-72.775198799999941,43.34598120000004],[-72.77456049999995,43.346525400000075],[-72.773230099999978,43.348349100000064],[-72.772374499999955,43.349057100000039],[-72.769938999999965,43.350307300000054],[-72.767276999999979,43.351571000000035],[-72.765443999999945,43.351929000000041],[-72.763541999999973,43.351806000000067],[-72.76057499999996,43.350960000000043],[-72.759849999999972,43.35093100000006],[-72.758341999999971,43.351153000000068],[-72.756882999999959,43.351861000000042],[-72.756080999999938,43.352640100000031],[-72.754577999999981,43.354293900000073],[-72.753684999999962,43.354836000000034],[-72.752072999999939,43.355026000000066],[-72.749068999999963,43.354462000000069],[-72.739976999999953,43.35274000000004],[-72.735443999999973,43.351872000000071],[-72.733573499999977,43.351521600000069],[-72.732992899999942,43.351407800000061],[-72.730864999999937,43.35105800000008],[-72.728884999999934,43.351190000000031],[-72.727119999999957,43.351819000000035],[-72.725677599999983,43.35300200000006],[-72.725344999999948,43.353485000000035],[-72.724747999999977,43.354594000000077],[-72.721342999999933,43.362502000000063],[-72.720381999999972,43.36691600000006],[-72.71985159999997,43.368273900000077],[-72.718738999999971,43.370712000000026],[-72.718501999999944,43.372272000000066],[-72.718504399999972,43.372348800000054],[-72.718514999999968,43.372680600000081],[-72.718532999999979,43.373049000000037],[-72.718574999999987,43.374097000000063],[-72.718508999999983,43.375838000000044],[-72.717628799999943,43.376785000000041],[-72.716633999999942,43.377725000000055],[-72.71599619999995,43.378119100000049],[-72.715676299999984,43.378231300000039],[-72.715349999999944,43.378336000000047],[-72.714628999999945,43.378582000000051],[-72.713563999999963,43.379293000000075],[-72.712795999999969,43.380258000000026],[-72.712712999999951,43.380402000000061],[-72.712328999999954,43.381016000000045],[-72.711003999999946,43.383272000000034],[-72.710969799999987,43.383335600000066],[-72.710197999999934,43.384787000000074],[-72.709560299999964,43.386640500000055],[-72.709470399999987,43.386945600000047],[-72.709400699999946,43.387229200000036],[-72.709377899999936,43.387334400000043],[-72.709178799999961,43.388392400000043],[-72.70894439999995,43.38878980000004],[-72.708221999999978,43.38959600000004],[-72.707389399999954,43.390023000000042],[-72.706683999999939,43.390221000000054],[-72.706259999999986,43.390555000000063],[-72.705721799999935,43.391846400000077],[-72.704491999999959,43.393802000000051],[-72.704366999999934,43.393935000000056],[-72.704082599999936,43.394202200000052],[-72.704401299999972,43.394324100000063],[-72.704571699999974,43.39447210000003],[-72.704598699999963,43.394588200000044],[-72.704571999999985,43.395507000000066],[-72.704527599999949,43.396077500000047],[-72.705136099999947,43.396903900000041],[-72.705822899999987,43.398203700000067],[-72.706857999999954,43.400687100000027],[-72.707331199999942,43.402984500000059],[-72.707349999999963,43.40303700000004],[-72.70740399999994,43.403187000000059],[-72.707565999999986,43.403619000000049],[-72.707914899999935,43.405119300000081],[-72.707923999999934,43.406158000000062],[-72.707812999999987,43.406906000000049],[-72.705275999999969,43.414357000000052],[-72.705264399999976,43.414406900000074],[-72.704956999999979,43.415512400000068],[-72.704937199999961,43.416592700000081],[-72.705215099999975,43.41763590000005],[-72.705775999999958,43.418582000000072],[-72.705995799999982,43.418970900000033],[-72.706124699999975,43.419113000000038],[-72.706622999999979,43.419590000000028],[-72.706992999999954,43.41992700000003],[-72.706650999999965,43.420209000000057],[-72.706449999999961,43.420375000000035],[-72.705265999999938,43.421392000000026],[-72.699964199999954,43.426645200000053],[-72.699053999999933,43.427828000000034],[-72.698569999999961,43.428946000000053],[-72.698477499999967,43.429566000000079],[-72.698463999999944,43.429768000000081],[-72.698462099999972,43.429810000000032],[-72.698458999999957,43.429879000000028],[-72.698108999999988,43.433871000000067],[-72.698733399999981,43.436780200000044],[-72.699133499999959,43.440209000000038],[-72.699110999999959,43.44040300000006],[-72.699090399999989,43.44158740000006],[-72.699134499999957,43.441714500000046],[-72.69989929999997,43.442876500000068],[-72.701325399999973,43.444163200000048],[-72.701945999999964,43.444523000000061],[-72.703855399999952,43.445479600000056],[-72.704015999999967,43.445552000000077],[-72.704992999999945,43.446141000000068],[-72.705391999999961,43.446710000000053],[-72.705822999999953,43.447447000000068],[-72.706504999999936,43.448636000000079],[-72.706584699999951,43.448790000000031],[-72.70691869999996,43.45024600000005],[-72.70674779999996,43.450712000000067],[-72.706221699999958,43.451508300000057],[-72.70609399999995,43.45195810000007],[-72.706256399999972,43.452657400000078],[-72.706669799999986,43.453375100000073],[-72.707205999999985,43.454336000000069],[-72.707601999999952,43.455460000000073],[-72.707973999999979,43.457158000000049],[-72.70860829999998,43.460572500000069],[-72.708424999999977,43.461257000000046],[-72.708103999999935,43.461957000000041],[-72.70720799999998,43.46322930000008],[-72.70635139999996,43.463838900000042],[-72.706093299999964,43.46393340000003],[-72.705995799999982,43.46396180000005],[-72.704932999999983,43.464366000000041],[-72.704494999999952,43.464634000000046],[-72.704421999999965,43.464684000000034],[-72.703708999999947,43.46521000000007],[-72.702474999999936,43.466214000000036],[-72.70196199999998,43.467084000000057],[-72.701994999999954,43.468139000000065],[-72.702948999999933,43.469779000000074],[-72.703232999999955,43.470615000000066],[-72.70323099999996,43.471358000000066],[-72.702936999999963,43.472483000000068],[-72.702854999999943,43.473575000000039],[-72.703113903999963,43.475262603000033]],[[-72.703113903999963,43.475262603000033],[-72.703616799999963,43.478484800000047],[-72.704069999999945,43.480840000000057],[-72.705276999999967,43.483955000000037],[-72.706330999999977,43.485556000000031],[-72.70669799999996,43.487022000000024],[-72.70796299999995,43.488806000000068],[-72.708658999999955,43.491439000000071],[-72.709084299999972,43.492311100000052],[-72.710737999999935,43.493599000000074],[-72.711924599999975,43.494778200000042],[-72.713197999999977,43.497255000000052],[-72.713901999999962,43.498065000000054],[-72.714707999999973,43.498718000000054],[-72.715940999999987,43.49958300000003],[-72.716927999999939,43.50008100000008],[-72.71812099999994,43.500378000000069],[-72.720532999999989,43.500862000000041],[-72.722162999999966,43.501689000000056],[-72.723228999999947,43.502534000000026],[-72.72493099999997,43.503228000000036],[-72.725642999999934,43.504038000000037],[-72.726337999999942,43.505440000000078],[-72.725852999999972,43.507715000000076],[-72.725859999999955,43.508361000000036],[-72.726361999999938,43.509360000000072],[-72.72710509999996,43.510042300000066],[-72.729221999999936,43.511822000000052],[-72.731058999999959,43.513951000000077],[-72.731585999999936,43.514818000000048],[-72.731887999999969,43.517194000000075],[-72.732376999999985,43.518684000000064],[-72.733240999999964,43.521138000000064],[-72.733453999999938,43.522164000000032],[-72.733521999999937,43.523553000000049],[-72.735284999999976,43.525914000000057],[-72.735643999999979,43.526293000000067],[-72.738198999999952,43.528220000000033],[-72.73864599999996,43.528876000000025],[-72.738865999999973,43.529823000000079],[-72.738924999999938,43.530114000000026],[-72.739169999999945,43.531052000000045],[-72.739512999999988,43.531645000000026],[-72.740354999999965,43.532378000000051],[-72.741460999999958,43.533616000000052],[-72.74157299999996,43.533775000000048],[-72.742395999999985,43.534966000000054],[-72.742809999999963,43.535568000000069],[-72.743170999999961,43.536073000000044],[-72.743228999999985,43.536154000000067],[-72.743395999999962,43.536364000000049],[-72.743638999999973,43.536624000000074],[-72.744318999999962,43.53731300000004],[-72.745337999999947,43.538299000000052],[-72.745446999999956,43.538380000000075],[-72.745820399999957,43.538617500000043],[-72.747476999999947,43.539747000000034],[-72.747997999999939,43.540407000000073],[-72.748314999999934,43.541183000000046],[-72.748576999999955,43.541883000000041],[-72.749100999999939,43.542515000000037],[-72.749815999999953,43.543416000000036],[-72.750605999999948,43.545196000000033],[-72.751805999999988,43.546715000000063],[-72.75269499999996,43.548374000000081],[-72.752997999999934,43.548893000000078],[-72.754336999999964,43.550728000000049],[-72.756640999999945,43.552998000000059],[-72.756883999999957,43.553769000000045],[-72.756848999999988,43.555574000000036],[-72.757151999999962,43.556306000000063],[-72.757696999999951,43.55682100000007],[-72.75947599999995,43.557960000000037],[-72.760153999999943,43.559130000000039],[-72.760156999999936,43.560029000000043],[-72.759549999999933,43.561587000000031],[-72.759772999999939,43.562673000000075],[-72.760700999999983,43.56415700000008],[-72.760837999999978,43.565584000000058],[-72.761260999999934,43.56684400000006],[-72.761432999999954,43.568212000000074],[-72.762029999999982,43.569622000000038],[-72.76267299999995,43.571788000000026],[-72.762663999999972,43.572801000000027],[-72.760509999999954,43.575824000000068],[-72.760089999999934,43.576261000000045],[-72.759344999999939,43.577138000000048],[-72.75868799999995,43.578176000000042],[-72.757581999999957,43.579470000000072],[-72.757417999999973,43.579995000000054],[-72.757451999999944,43.580609000000038],[-72.758246999999983,43.582218000000069],[-72.758201999999983,43.583673000000033],[-72.757958999999971,43.58456300000006],[-72.757466999999963,43.58521200000007],[-72.756140999999957,43.586395000000039],[-72.755742899999973,43.587037100000032],[-72.755701999999985,43.58715200000006],[-72.755650999999943,43.587350000000072],[-72.755360999999937,43.588567000000069],[-72.754134999999962,43.591173000000026],[-72.753371999999956,43.593592000000058],[-72.752511999999967,43.594920800000068],[-72.751714999999933,43.596073000000047],[-72.748949999999979,43.600054900000032],[-72.74972299999996,43.600494000000026],[-72.749935999999934,43.600673000000029],[-72.750409999999988,43.60129900000004],[-72.750630699999988,43.601917100000037],[-72.750777999999968,43.603208000000052],[-72.750844399999949,43.603959400000065],[-72.750894899999935,43.604349400000046],[-72.750972999999988,43.604972000000032],[-72.751246999999978,43.60750100000007],[-72.751586999999972,43.610482000000047],[-72.751937999999939,43.611292000000049],[-72.752912999999978,43.612352000000044],[-72.75488299999995,43.613638000000037],[-72.755003199999976,43.613711800000033],[-72.756293999999968,43.614714000000049],[-72.757307199999957,43.616150700000048],[-72.759017999999969,43.619169000000056],[-72.759547999999938,43.620194000000026],[-72.760592999999972,43.623741000000052],[-72.761462299999948,43.625030500000037],[-72.762053799999933,43.626103600000079],[-72.762448899999981,43.627171300000043],[-72.763761899999963,43.630520100000069],[-72.764027999999939,43.631200000000035],[-72.766823699999975,43.638383000000033],[-72.766895899999952,43.63857530000007],[-72.767205999999987,43.639403000000073],[-72.769214999999974,43.645874000000049],[-72.769723899999974,43.647749000000033],[-72.770975999999962,43.65219200000007],[-72.772384999999986,43.656158000000062],[-72.772560999999939,43.656623000000025],[-72.772838999999976,43.65734400000008],[-72.773138599999982,43.657972700000073],[-72.773245999999972,43.658183000000065],[-72.773384999999962,43.658430300000077],[-72.773722699999951,43.658926800000074],[-72.773838699999942,43.659078900000054],[-72.775184999999965,43.660408000000075],[-72.777119999999968,43.661654000000055],[-72.782729999999958,43.663704000000052],[-72.78403099999997,43.664330000000064],[-72.785203999999965,43.665270000000078],[-72.787334999999985,43.664089000000047],[-72.788802999999973,43.663704000000052],[-72.789363999999978,43.663430000000062],[-72.78980329999996,43.662928200000067],[-72.79033499999997,43.661594000000036],[-72.790836999999954,43.660123000000056],[-72.790617299999951,43.659548800000039],[-72.790589599999976,43.659509000000071],[-72.789997999999969,43.658574000000044],[-72.790276999999946,43.658070000000066],[-72.789492999999936,43.657470000000046],[-72.789368999999965,43.657236000000069],[-72.789297999999974,43.656426000000067],[-72.789750999999967,43.655610000000081],[-72.789554799999962,43.655538400000069],[-72.788933899999961,43.655504200000053],[-72.788419999999974,43.655510000000049],[-72.788513164999983,43.656237783000051]],[[-72.788513164999983,43.656237783000051],[-72.788419999999974,43.655510000000049],[-72.788933899999961,43.655504200000053],[-72.789554799999962,43.655538400000069],[-72.789750999999967,43.655610000000081],[-72.790709999999933,43.654193000000078],[-72.790747999999951,43.654105000000072],[-72.791564999999935,43.654508000000078],[-72.792223999999976,43.655179000000032],[-72.79274799999996,43.655102000000056],[-72.793109999999956,43.655069000000026],[-72.794546504999971,43.655453838000028]]]},"properties":{"ObjectID":1,"Name":"Boston Logan International Airport - Airbnb, 95 Priscilla Lane, Killington","FirstStopID":1,"LastStopID":11,"StopCount":11,"StartTime":null,"EndTime":null,"StartTimeUTC":null,"EndTimeUTC":null,"Total_Miles":213.05747734045545,"Total_Kilometers":342.8834585799151,"Total_Minutes":288.35445572507604,"TotalWait_Minutes":null,"TotalViolation_Minutes":null,"FirstStopOID":15,"LastStopOID":25,"Shape_Length":3.6513294002210324}}]}