{"type":"FeatureCollection","features":[{"type":"Feature","id":1,"geometry":{"type":"MultiLineString","coordinates":[[[-72.794600574999947,43.655462697000075],[-72.793109999999956,43.655069000000026],[-72.79274799999996,43.655102000000056],[-72.792223999999976,43.655179000000032],[-72.791564999999935,43.654508000000078],[-72.790747999999951,43.654105000000072],[-72.790709999999933,43.654193000000078],[-72.789750999999967,43.655610000000081],[-72.789297999999974,43.656426000000067],[-72.789368999999965,43.657236000000069],[-72.789492999999936,43.657470000000046],[-72.790276999999946,43.658070000000066],[-72.792122999999947,43.658429400000045],[-72.793694999999957,43.658804000000032],[-72.795496999999955,43.659619000000077],[-72.796488999999951,43.660180000000025],[-72.797364999999957,43.660929000000067],[-72.802759599999945,43.666784200000052],[-72.803479899999957,43.667603100000065],[-72.80351399999995,43.667647000000045],[-72.803588499999989,43.667802600000073],[-72.803639999999973,43.668067000000065],[-72.803628999999944,43.668137000000058],[-72.803896599999973,43.668177400000047],[-72.804571099999976,43.668228100000078],[-72.804786999999976,43.668230000000051],[-72.805615099999955,43.668180000000064],[-72.806776999999954,43.66796990000006],[-72.807002999999952,43.667906000000073],[-72.80731899999995,43.667800000000057],[-72.80843509999994,43.667272800000035],[-72.808567399999959,43.66716480000008],[-72.810100999999975,43.666233000000034],[-72.811351499999944,43.665296600000033],[-72.811779499999943,43.664959700000054],[-72.812180999999953,43.664653000000044],[-72.812349999999981,43.664524000000029],[-72.813094799999988,43.664038500000061],[-72.813179999999988,43.663990000000069],[-72.814596999999935,43.663352000000032],[-72.816273999999964,43.662969000000032],[-72.818107999999938,43.66288000000003],[-72.819895999999972,43.663158000000067],[-72.823370499999953,43.664485300000081],[-72.824892899999952,43.664919600000076],[-72.826297999999952,43.665082000000041],[-72.827920699999936,43.665003800000079],[-72.830290999999988,43.664398200000051],[-72.831138799999962,43.664139500000033],[-72.831459299999949,43.664061000000061],[-72.831764899999939,43.663967600000035],[-72.832741199999987,43.663754200000028],[-72.834631999999942,43.663526000000047],[-72.836579999999969,43.663597000000038],[-72.837885099999937,43.66374600000006],[-72.838763099999937,43.663864900000078],[-72.842750599999988,43.664472600000067],[-72.844695999999942,43.66486100000003],[-72.846525999999983,43.665459000000055],[-72.846920999999952,43.665605000000028],[-72.848573999999985,43.666233000000034],[-72.850116799999967,43.666803000000073],[-72.851732999999967,43.667402000000038],[-72.852735399999972,43.667616200000055],[-72.853832399999988,43.667652100000055],[-72.85482589999998,43.667501900000047],[-72.855670999999973,43.667305000000056],[-72.85730499999994,43.666972000000044],[-72.858466999999962,43.666786000000059],[-72.860911499999986,43.666428100000076],[-72.86268199999995,43.665747000000067],[-72.863320899999962,43.665201000000025],[-72.864914999999939,43.662652000000037],[-72.865929999999935,43.661571000000038],[-72.867064999999968,43.660749000000067],[-72.872071999999946,43.657637000000079],[-72.873515999999938,43.656929000000048],[-72.874220999999977,43.656687000000034],[-72.876994899999943,43.656147900000065],[-72.881580999999983,43.655510000000049],[-72.882612999999935,43.655437000000063],[-72.883986999999934,43.655440000000056],[-72.885625999999945,43.655466000000047],[-72.886678999999958,43.655331000000047],[-72.887686999999971,43.655009000000064],[-72.888655999999969,43.654481000000033],[-72.889273999999943,43.654113000000052],[-72.889815999999939,43.653783000000033],[-72.889962499999967,43.653693500000031],[-72.890229099999942,43.653530000000046],[-72.890909999999963,43.653112000000078],[-72.892552999999964,43.652141000000029],[-72.894690999999966,43.650873000000047],[-72.89507489999994,43.650647700000036],[-72.895594999999958,43.65034200000008],[-72.89634499999994,43.649900000000059],[-72.898676999999964,43.648608000000081],[-72.900551999999948,43.648164000000065],[-72.902286499999946,43.648193200000037],[-72.904820299999983,43.648355500000036],[-72.906030199999975,43.648597300000063],[-72.908704999999941,43.649837000000048],[-72.910500999999954,43.650377000000049],[-72.91068759999996,43.650418100000081],[-72.914703999999972,43.651297000000056],[-72.91944129999996,43.651330600000051],[-72.920516999999961,43.651419000000033],[-72.92198899999994,43.651862000000051],[-72.922682699999939,43.652106600000025],[-72.924030999999957,43.652432000000033],[-72.925470999999959,43.652348000000075],[-72.926340099999948,43.652071900000067],[-72.92688069999997,43.651793800000064],[-72.927446799999984,43.651218100000051],[-72.927958343999933,43.651420782000059]],[[-72.927958343999933,43.651420782000059],[-72.927446799999984,43.651218100000051],[-72.927373999999986,43.65119020000003],[-72.926340099999948,43.652071900000067],[-72.925470999999959,43.652348000000075],[-72.924030999999957,43.652432000000033],[-72.922682699999939,43.652106600000025],[-72.92198899999994,43.651862000000051],[-72.920516999999961,43.651419000000033],[-72.91944129999996,43.651330600000051],[-72.914703999999972,43.651297000000056],[-72.91068759999996,43.650418100000081],[-72.910500999999954,43.650377000000049],[-72.908704999999941,43.649837000000048],[-72.906030199999975,43.648597300000063],[-72.904820299999983,43.648355500000036],[-72.902286499999946,43.648193200000037],[-72.900551999999948,43.648164000000065],[-72.898676999999964,43.648608000000081],[-72.89634499999994,43.649900000000059],[-72.895594999999958,43.65034200000008],[-72.89507489999994,43.650647700000036],[-72.894690999999966,43.650873000000047],[-72.892552999999964,43.652141000000029],[-72.890909999999963,43.653112000000078],[-72.890229099999942,43.653530000000046],[-72.889962499999967,43.653693500000031],[-72.889815999999939,43.653783000000033],[-72.889273999999943,43.654113000000052],[-72.888655999999969,43.654481000000033],[-72.887686999999971,43.655009000000064],[-72.886678999999958,43.655331000000047],[-72.885625999999945,43.655466000000047],[-72.883986999999934,43.655440000000056],[-72.882612999999935,43.655437000000063],[-72.881580999999983,43.655510000000049],[-72.876994899999943,43.656147900000065],[-72.874220999999977,43.656687000000034],[-72.873515999999938,43.656929000000048],[-72.872071999999946,43.657637000000079],[-72.867064999999968,43.660749000000067],[-72.865929999999935,43.661571000000038],[-72.864809999999977,43.662808000000041],[-72.863752999999974,43.664570000000026],[-72.863320899999962,43.665201000000025],[-72.86268199999995,43.665747000000067],[-72.860911499999986,43.666428100000076],[-72.858466999999962,43.666786000000059],[-72.85730499999994,43.666972000000044],[-72.855670999999973,43.667305000000056],[-72.85482589999998,43.667501900000047],[-72.853832399999988,43.667652100000055],[-72.852735399999972,43.667616200000055],[-72.851732999999967,43.667402000000038],[-72.850116799999967,43.666803000000073],[-72.848573999999985,43.666233000000034],[-72.846920999999952,43.665605000000028],[-72.846525999999983,43.665459000000055],[-72.844695999999942,43.66486100000003],[-72.842750599999988,43.664472600000067],[-72.838763099999937,43.663864900000078],[-72.837885099999937,43.66374600000006],[-72.836579999999969,43.663597000000038],[-72.834631999999942,43.663526000000047],[-72.832741199999987,43.663754200000028],[-72.831764899999939,43.663967600000035],[-72.831459299999949,43.664061000000061],[-72.831138799999962,43.664139500000033],[-72.830290999999988,43.664398200000051],[-72.827920699999936,43.665003800000079],[-72.826297999999952,43.665082000000041],[-72.824892899999952,43.664919600000076],[-72.823370499999953,43.664485300000081],[-72.819895999999972,43.663158000000067],[-72.818107999999938,43.66288000000003],[-72.816273999999964,43.662969000000032],[-72.814596999999935,43.663352000000032],[-72.813179999999988,43.663990000000069],[-72.813094799999988,43.664038500000061],[-72.812349999999981,43.664524000000029],[-72.812180999999953,43.664653000000044],[-72.811779499999943,43.664959700000054],[-72.811351499999944,43.665296600000033],[-72.810100999999975,43.666233000000034],[-72.808567399999959,43.66716480000008],[-72.807688999999982,43.667575200000044],[-72.807287999999971,43.667741100000057],[-72.806829499999935,43.667900200000076],[-72.805893999999967,43.668087000000071],[-72.805307899999946,43.668149000000028],[-72.804506699999934,43.668162100000075],[-72.804096999999956,43.668127000000027],[-72.803899899999976,43.668104800000037],[-72.803639999999973,43.668067000000065],[-72.80328099999997,43.667997000000071],[-72.801981999999953,43.667664000000059],[-72.800600999999972,43.667381000000034],[-72.799938999999938,43.667293000000029],[-72.799607599999945,43.667273600000044],[-72.798074699999972,43.667344700000058],[-72.796027999999978,43.667931000000067],[-72.797281999999939,43.66929900000008],[-72.797968999999966,43.670796000000053],[-72.798229999999933,43.672188000000062],[-72.798796699999968,43.672780900000078],[-72.799920999999983,43.674158000000034],[-72.799272999999971,43.675583000000074],[-72.798253999999986,43.677500000000066],[-72.797975999999949,43.677827000000036],[-72.796448999999939,43.678236000000027],[-72.796112999999934,43.678853000000061],[-72.795639999999935,43.67914200000007],[-72.791799999999967,43.679754000000059],[-72.790836999999954,43.680251000000055],[-72.789361999999983,43.680748000000051],[-72.789098999999965,43.680694000000074],[-72.788749999999936,43.680019000000073],[-72.788502999999935,43.679873000000043],[-72.787780199999986,43.679677300000037],[-72.787225099999944,43.67953250000005],[-72.786347999999975,43.679212000000064],[-72.785853999999972,43.678856000000053],[-72.784141999999974,43.676578000000063],[-72.783620999999982,43.676532000000066],[-72.783310999999969,43.67677800000007],[-72.783189999999934,43.677485000000047],[-72.782453999999973,43.677886000000058],[-72.781532999999968,43.678194000000076],[-72.781307999999967,43.678300000000036],[-72.782155999999986,43.679205000000024],[-72.78215739999996,43.680540200000053],[-72.782207105999987,43.680730019000066]],[[-72.782207105999987,43.680730019000066],[-72.78215739999996,43.680540200000053],[-72.782155999999986,43.679205000000024],[-72.781307999999967,43.678300000000036],[-72.78073999999998,43.67770500000006],[-72.780280499999947,43.676376300000072],[-72.777926799999989,43.673640300000045],[-72.777873899999975,43.673573900000065],[-72.777333399999975,43.672963700000025],[-72.777235499999961,43.672853300000043],[-72.777174999999943,43.672785300000044],[-72.77639499999998,43.671812000000045],[-72.776282999999978,43.671628000000055],[-72.776008999999988,43.671032000000025],[-72.77555609999996,43.669849900000031],[-72.77515939999995,43.668952900000079],[-72.775103999999942,43.668092000000058],[-72.775557999999933,43.667087000000038],[-72.775360999999975,43.66620800000004],[-72.774683999999979,43.665707000000054],[-72.774523999999985,43.66560000000004],[-72.774338999999941,43.665449000000081],[-72.773539899999946,43.663616600000069],[-72.773180199999956,43.662883200000067],[-72.773008999999945,43.662427000000037],[-72.772857999999985,43.661483000000032],[-72.773045999999965,43.659646000000066],[-72.77320549999996,43.659356500000058],[-72.773838699999942,43.659078900000054],[-72.775184999999965,43.660408000000075],[-72.776751999999988,43.661458000000039],[-72.778247999999962,43.662139000000025],[-72.783416999999986,43.663997000000052],[-72.784357999999941,43.664551000000074],[-72.785203999999965,43.665270000000078],[-72.787505999999951,43.668010000000038],[-72.787896999999987,43.668493000000069],[-72.789001999999982,43.669342000000029],[-72.790630999999962,43.669831000000045],[-72.791777999999965,43.669844000000069],[-72.792971999999963,43.669586000000038],[-72.796027999999978,43.667931000000067],[-72.798074699999972,43.667344700000058],[-72.799607599999945,43.667273600000044],[-72.800600999999972,43.667381000000034],[-72.801477699999964,43.667625200000032],[-72.801940899999977,43.667740500000036],[-72.802311399999951,43.667832800000042],[-72.803310999999951,43.668079000000034],[-72.803459399999952,43.668107600000042],[-72.803628999999944,43.668137000000058],[-72.803896599999973,43.668177400000047],[-72.804571099999976,43.668228100000078],[-72.805307999999968,43.668559000000073],[-72.805619999999976,43.66889400000008],[-72.805516099999977,43.669203300000049],[-72.805495999999948,43.669712000000061],[-72.805670499999962,43.670107600000051],[-72.806033399999933,43.670534200000077],[-72.807046999999955,43.671604000000059],[-72.807784999999967,43.672594000000061],[-72.808478199999968,43.673250800000062],[-72.809142999999949,43.673881000000051],[-72.809507799999949,43.674444300000062],[-72.809913999999935,43.675550000000044],[-72.810353999999961,43.676696000000049],[-72.810760999999957,43.676561000000049],[-72.810911999999973,43.676251000000036]],[[-72.810911999999973,43.676251000000036],[-72.810760999999957,43.676561000000049],[-72.810353999999961,43.676696000000049],[-72.809913999999935,43.675550000000044],[-72.809507799999949,43.674444300000062],[-72.809142999999949,43.673881000000051],[-72.808478199999968,43.673250800000062],[-72.807784999999967,43.672594000000061],[-72.807046999999955,43.671604000000059],[-72.806033399999933,43.670534200000077],[-72.805670499999962,43.670107600000051],[-72.805495999999948,43.669712000000061],[-72.805516099999977,43.669203300000049],[-72.805619999999976,43.66889400000008],[-72.805307999999968,43.668559000000073],[-72.804571099999976,43.668228100000078],[-72.804506699999934,43.668162100000075],[-72.804096999999956,43.668127000000027],[-72.803899899999976,43.668104800000037],[-72.803639999999973,43.668067000000065],[-72.803588499999989,43.667802600000073],[-72.80351399999995,43.667647000000045],[-72.803479899999957,43.667603100000065],[-72.802759599999945,43.666784200000052],[-72.797364999999957,43.660929000000067],[-72.796488999999951,43.660180000000025],[-72.795496999999955,43.659619000000077],[-72.794989499999986,43.659362400000077],[-72.79376689999998,43.658829700000069],[-72.793166999999983,43.658639000000051],[-72.792122999999947,43.658429400000045],[-72.790276999999946,43.658070000000066],[-72.789492999999936,43.657470000000046],[-72.789368999999965,43.657236000000069],[-72.789256999999964,43.656827000000078],[-72.789343999999971,43.656285000000025],[-72.790599999999984,43.654432000000043],[-72.790822999999989,43.653688000000045],[-72.790556999999978,43.652863000000025],[-72.789214999999956,43.650916000000052],[-72.788854999999955,43.650431000000026],[-72.788478999999938,43.649585000000059],[-72.788512999999966,43.648624000000041],[-72.788622299999986,43.648316900000054],[-72.788802099999941,43.647863400000062],[-72.789236899999935,43.646576500000037],[-72.788907999999935,43.645355000000052],[-72.788835999999947,43.645180000000039],[-72.788586299999963,43.644430700000044],[-72.788426999999956,43.643613000000073],[-72.788419399999952,43.643531900000028],[-72.788364299999955,43.642714000000069],[-72.788314899999989,43.64162280000005],[-72.788290999999958,43.640930000000026],[-72.788017999999965,43.640153600000076],[-72.787343999999962,43.638674000000037],[-72.787428999999975,43.637680000000046],[-72.787612599999989,43.637358600000027],[-72.787963999999988,43.636949000000072],[-72.788354999999967,43.636654000000078],[-72.788685999999984,43.636463000000049],[-72.789225999999985,43.636242000000038],[-72.789707599999986,43.636119000000065],[-72.790753999999936,43.636050000000068],[-72.792919999999981,43.63644620000008],[-72.793024799999955,43.636463700000036],[-72.793537599999979,43.636500600000034],[-72.794406999999978,43.636476000000073],[-72.794723699999963,43.636466100000064],[-72.795133299999975,43.636467300000049],[-72.795736599999941,43.636506900000029],[-72.79643219999997,43.636583600000051],[-72.798126399999944,43.636653200000069],[-72.798772399999962,43.636448200000075],[-72.799245299999939,43.636122700000044],[-72.799568499999964,43.635697100000073],[-72.799754499999949,43.635093100000063],[-72.79960049999994,43.633901900000069],[-72.799166999999954,43.632526000000041],[-72.798369899999955,43.631142000000068],[-72.797841999999946,43.62998900000008],[-72.797863699999937,43.628898400000026],[-72.797960699999976,43.62735420000007],[-72.797974299999964,43.627155600000037],[-72.798013199999957,43.626664400000038],[-72.798093699999981,43.626434400000051],[-72.798161799999946,43.626131500000042],[-72.798286099999984,43.625701100000072],[-72.798384699999986,43.625387900000078],[-72.798940499999958,43.624441700000034],[-72.799294999999972,43.623666000000071],[-72.799866999999949,43.621314000000041],[-72.800036299999988,43.620886600000063],[-72.801780899999983,43.61756070000007],[-72.802296399999989,43.617333100000053],[-72.802945099999988,43.617403400000057],[-72.802943699999958,43.617517100000043],[-72.802698199999952,43.617757900000072],[-72.802990899999941,43.617895900000065],[-72.80308789999998,43.617808900000057]],[[-72.80308789999998,43.617808900000057],[-72.802943699999958,43.617517100000043],[-72.802945099999988,43.617403400000057],[-72.802296399999989,43.617333100000053],[-72.801780899999983,43.61756070000007],[-72.800036299999988,43.620886600000063],[-72.799866999999949,43.621314000000041],[-72.799294999999972,43.623666000000071],[-72.798940499999958,43.624441700000034],[-72.798384699999986,43.625387900000078],[-72.798159199999986,43.625714100000039],[-72.798051299999941,43.626114500000028],[-72.798007999999982,43.626416800000072],[-72.798013199999957,43.626664400000038],[-72.797974299999964,43.627155600000037],[-72.797960699999976,43.62735420000007],[-72.797863699999937,43.628898400000026],[-72.797841999999946,43.62998900000008],[-72.796991999999989,43.629943000000026],[-72.79681069999998,43.629845800000055],[-72.796535999999946,43.629556000000036],[-72.796331899999984,43.628935100000035],[-72.796032999999966,43.628631000000041],[-72.794689699999935,43.627903100000026],[-72.794554999999946,43.627832000000069],[-72.792930599999977,43.627041700000063],[-72.791906499999982,43.626702700000067],[-72.791001499999936,43.626414100000034],[-72.789758999999947,43.625974000000042],[-72.789219499999945,43.62554920000008],[-72.788471999999956,43.625012000000027],[-72.786868999999967,43.625009000000034],[-72.785979999999938,43.625536000000068],[-72.785780999999986,43.626031000000069],[-72.785559199999966,43.627112300000078],[-72.785490299999935,43.627274500000055],[-72.785028999999952,43.627898000000073],[-72.784401699999933,43.628675700000031],[-72.78385899999995,43.629141000000061],[-72.78338599999995,43.629372000000046],[-72.782538999999986,43.629736000000037],[-72.781963999999959,43.629982000000041],[-72.781646999999964,43.63018500000004],[-72.780795999999953,43.630810000000054],[-72.780349999999942,43.630944000000056],[-72.779758999999956,43.631089000000031],[-72.779135999999937,43.631017000000043],[-72.777541999999983,43.630467000000067],[-72.775755999999944,43.631069000000025],[-72.774832999999944,43.630993000000046],[-72.770607999999982,43.628178000000048],[-72.770230999999967,43.627739000000076],[-72.769987999999955,43.627163000000053],[-72.769532999999967,43.62489000000005],[-72.769673299999965,43.623762300000067],[-72.769699999999943,43.623645000000067],[-72.770068999999978,43.62296200000003],[-72.770446999999933,43.622368000000051],[-72.770873999999935,43.621244000000047],[-72.770883999999967,43.619939000000045],[-72.770103999999947,43.618535000000065],[-72.76864299999994,43.616572000000076],[-72.767933999999968,43.615274000000056],[-72.767129999999952,43.613142000000039],[-72.766729199999986,43.611533400000042],[-72.766621799999939,43.611286000000064],[-72.766539999999964,43.611194000000069],[-72.765744999999981,43.610931000000051],[-72.765014999999948,43.611147000000074],[-72.763854999999978,43.612131000000034],[-72.763024999999971,43.61232700000005],[-72.762466999999958,43.612134000000026],[-72.761814899999933,43.611678100000063],[-72.760052799999983,43.609475600000053],[-72.759246999999959,43.608617000000038],[-72.758725599999934,43.607591700000057],[-72.758217999999943,43.606849000000068],[-72.757775999999978,43.605781000000036],[-72.757290999999952,43.605531900000074],[-72.756970899999942,43.605733000000043],[-72.756982999999934,43.606617000000028],[-72.75738199999995,43.607653000000028],[-72.757076999999981,43.609827000000053],[-72.75645899999995,43.611927000000037],[-72.755718699999989,43.612766200000067],[-72.755497999999989,43.613154000000065],[-72.755497599999956,43.61363620000003],[-72.755353199999945,43.613935900000058],[-72.755003199999976,43.613711800000033],[-72.75488299999995,43.613638000000037],[-72.752912999999978,43.612352000000044],[-72.751937999999939,43.611292000000049],[-72.751586999999972,43.610482000000047],[-72.751246999999978,43.60750100000007],[-72.750972999999988,43.604972000000032],[-72.75093099999998,43.604615000000081],[-72.750894899999935,43.604349400000046],[-72.750852399999985,43.604037000000062],[-72.750844399999949,43.603959400000065],[-72.750777999999968,43.603208000000052],[-72.750630699999988,43.601917100000037],[-72.750409999999988,43.60129900000004],[-72.749935999999934,43.600673000000029],[-72.74972299999996,43.600494000000026],[-72.748949999999979,43.600054900000032],[-72.751714999999933,43.596073000000047],[-72.752511999999967,43.594920800000068],[-72.753371999999956,43.593592000000058],[-72.754134999999962,43.591173000000026],[-72.755360999999937,43.588567000000069],[-72.755650999999943,43.587350000000072],[-72.755701999999985,43.58715200000006],[-72.755742899999973,43.587037100000032],[-72.756140999999957,43.586395000000039],[-72.757466999999963,43.58521200000007],[-72.757958999999971,43.58456300000006],[-72.758201999999983,43.583673000000033],[-72.758246999999983,43.582218000000069],[-72.757451999999944,43.580609000000038],[-72.757417999999973,43.579995000000054],[-72.757581999999957,43.579470000000072],[-72.75868799999995,43.578176000000042],[-72.759344999999939,43.577138000000048],[-72.760089999999934,43.576261000000045],[-72.760509999999954,43.575824000000068],[-72.761487999999986,43.574577000000033],[-72.762600999999961,43.572948000000054],[-72.762719999999945,43.572002000000055],[-72.762029999999982,43.569622000000038],[-72.761432999999954,43.568212000000074],[-72.761260999999934,43.56684400000006],[-72.760837999999978,43.565584000000058],[-72.760700999999983,43.56415700000008],[-72.759772999999939,43.562673000000075],[-72.759549999999933,43.561587000000031],[-72.760156999999936,43.560029000000043],[-72.760153999999943,43.559130000000039],[-72.759533999999974,43.558021000000053],[-72.758324999999957,43.557174000000032],[-72.757419999999968,43.55660400000005],[-72.756960999999933,43.555963000000077],[-72.756817999999953,43.555219000000079],[-72.756875999999977,43.553675000000055],[-72.756594999999948,43.552923000000078],[-72.754336999999964,43.550728000000049],[-72.752997999999934,43.548893000000078],[-72.75269499999996,43.548374000000081],[-72.751805999999988,43.546715000000063],[-72.750605999999948,43.545196000000033],[-72.749815999999953,43.543416000000036],[-72.749100999999939,43.542515000000037],[-72.748576999999955,43.541883000000041],[-72.748314999999934,43.541183000000046],[-72.747997999999939,43.540407000000073],[-72.747476999999947,43.539747000000034],[-72.745820399999957,43.538617500000043],[-72.745446999999956,43.538380000000075],[-72.745337999999947,43.538299000000052],[-72.744318999999962,43.53731300000004],[-72.743638999999973,43.536624000000074],[-72.743395999999962,43.536364000000049],[-72.742395999999985,43.534966000000054],[-72.74157299999996,43.533775000000048],[-72.741460999999958,43.533616000000052],[-72.740354999999965,43.532378000000051],[-72.739512999999988,43.531645000000026],[-72.739169999999945,43.531052000000045],[-72.738924999999938,43.530114000000026],[-72.738865999999973,43.529823000000079],[-72.738575999999966,43.529926000000046],[-72.737006999999949,43.530318000000079],[-72.734690999999941,43.530607000000032],[-72.733570999999984,43.53129000000007],[-72.732737999999983,43.532369000000074],[-72.730797999999936,43.533829000000026],[-72.730241999999976,43.533966000000078],[-72.728768999999943,43.53388700000005],[-72.726344899999958,43.533717900000056],[-72.724101999999959,43.533255000000054],[-72.723455999999942,43.533131000000026],[-72.723004999999944,43.533094000000062],[-72.72288999999995,43.533526000000052],[-72.721568499999989,43.535668200000032],[-72.722034299999962,43.535784900000067],[-72.723536601999967,43.536101339000027]],[[-72.723536601999967,43.536101339000027],[-72.722034299999962,43.535784900000067],[-72.721568499999989,43.535668200000032],[-72.721444499999961,43.535835000000077],[-72.72014299999995,43.536027000000047],[-72.71945599999998,43.536283000000026],[-72.718971999999951,43.536680000000047],[-72.718358999999964,43.537632000000031],[-72.71811299999996,43.53864800000008],[-72.718310999999972,43.540532000000042],[-72.718184999999949,43.541284000000076],[-72.717962999999941,43.542291000000034],[-72.717649999999935,43.54286600000006],[-72.716880999999944,43.543713000000025],[-72.716223999999954,43.544068000000038],[-72.714880999999934,43.544288000000051],[-72.712791999999979,43.544337000000041],[-72.712089999999989,43.544399000000055],[-72.711609999999951,43.544644000000062],[-72.711382999999955,43.544966000000045],[-72.711243999999965,43.545558000000028],[-72.711060999999972,43.546093000000042],[-72.710526999999956,43.547788000000025],[-72.71024099999994,43.54867900000005],[-72.709441999999967,43.550313000000074],[-72.708845999999937,43.55112900000006],[-72.707717999999943,43.552108000000032],[-72.707455999999979,43.552630000000079],[-72.706779999999981,43.555881000000056],[-72.706559899999945,43.556603700000039],[-72.706498999999951,43.55670200000003],[-72.70585699999998,43.557402000000025],[-72.705003999999974,43.558727000000033],[-72.703933999999947,43.559554000000048],[-72.703689999999938,43.559708000000057],[-72.702858999999933,43.56011600000005],[-72.702732999999967,43.56016900000003],[-72.699794999999938,43.56161000000003],[-72.698198999999988,43.562397000000033],[-72.697092999999938,43.562685000000045],[-72.695993999999985,43.562747000000059],[-72.693566999999973,43.562577000000033],[-72.693233999999961,43.562600000000032],[-72.692362999999943,43.562738000000081],[-72.691273999999964,43.563260000000071],[-72.690033999999969,43.563676000000044],[-72.688653999999985,43.563936000000069],[-72.686894999999936,43.563825000000065],[-72.684823999999935,43.563571000000024],[-72.683685999999966,43.563676000000044],[-72.68201849999997,43.564086000000032],[-72.681018999999935,43.564543000000072],[-72.680334999999957,43.565051000000039],[-72.679994999999963,43.565739000000065],[-72.680430999999942,43.56754200000006],[-72.680518799999959,43.568652500000042],[-72.680434999999989,43.56903600000004],[-72.679859599999986,43.569965700000068],[-72.678783999999951,43.570700000000045],[-72.676084999999944,43.571574000000055],[-72.674226999999973,43.572738000000072],[-72.673230999999987,43.57302100000004],[-72.67238599999996,43.573003000000028],[-72.671628999999939,43.572792000000049],[-72.670042999999964,43.571668000000045],[-72.669323999999961,43.571352000000047],[-72.667275999999958,43.57121200000006],[-72.665956999999935,43.571573000000058],[-72.664203999999984,43.572864000000038],[-72.663819999999987,43.573403000000042],[-72.66292599999997,43.575793000000033],[-72.662120999999956,43.576611000000071],[-72.659294999999986,43.578806000000043],[-72.658987099999933,43.579049200000043],[-72.658387999999945,43.579651000000069],[-72.657862999999963,43.580794000000026],[-72.657528999999954,43.582638000000031],[-72.65705799999995,43.583786000000032],[-72.656853999999953,43.58456700000005],[-72.656925299999955,43.585455000000024],[-72.656951999999933,43.586177000000077],[-72.656925999999942,43.586352000000034],[-72.656884999999988,43.586566000000062],[-72.656777999999974,43.586852000000079],[-72.656717999999955,43.587012000000072],[-72.656514999999956,43.587544000000037],[-72.656462999999974,43.587676600000066],[-72.65626229999998,43.588190500000053],[-72.656244999999956,43.588235000000054],[-72.658125999999982,43.588653000000079],[-72.658211899999969,43.588680300000078],[-72.658793199999934,43.588865400000032],[-72.658970999999951,43.588564900000051],[-72.659547088999943,43.588761005000038]],[[-72.659547088999943,43.588761005000038],[-72.658970999999951,43.588564900000051],[-72.658793199999934,43.588865400000032],[-72.658211899999969,43.588680300000078],[-72.658125999999982,43.588653000000079],[-72.656244999999956,43.588235000000054],[-72.656183399999975,43.588224600000046],[-72.654394999999965,43.58779190000007],[-72.653834999999958,43.587591000000032],[-72.652791999999977,43.58724200000006],[-72.651684999999986,43.587131000000056],[-72.649202999999943,43.587746000000038],[-72.648257999999942,43.587983000000065],[-72.645788999999979,43.588154000000031],[-72.644271999999944,43.588432000000068],[-72.643235599999969,43.588612600000033],[-72.642240999999956,43.588733000000047],[-72.640467999999942,43.588829000000032],[-72.637769499999933,43.58834040000005],[-72.636452899999938,43.588233600000081],[-72.636278999999945,43.588217000000043],[-72.633842699999946,43.588012800000058],[-72.633179999999982,43.588011000000051],[-72.631897999999978,43.58809240000005],[-72.631813999999963,43.588100000000054],[-72.631443499999989,43.588130300000046],[-72.630449499999941,43.588150300000052],[-72.626683999999955,43.58789100000007],[-72.62547399999994,43.587819800000034],[-72.625266099999976,43.587797600000044],[-72.625134699999933,43.587781300000074],[-72.624211999999943,43.587635000000034],[-72.623477999999977,43.587553000000071],[-72.623350999999957,43.587545000000034],[-72.623008999999968,43.587522700000079],[-72.621657999999968,43.587371000000076],[-72.620694999999955,43.587251000000037],[-72.620348799999988,43.587189900000055],[-72.620286999999962,43.587177000000054],[-72.617929999999944,43.586301000000049],[-72.616468999999938,43.585979000000066],[-72.615557999999965,43.58604500000007],[-72.614669999999933,43.586470000000077],[-72.614485399999978,43.586588500000062],[-72.613055299999985,43.587549100000047],[-72.611147999999957,43.588909000000058],[-72.609287999999935,43.590332000000046],[-72.608533999999963,43.591151000000025],[-72.608029999999985,43.59211700000003],[-72.60766499999994,43.593359000000078],[-72.607281999999941,43.593977000000052],[-72.606739999999945,43.594392000000028],[-72.605691999999976,43.594794000000036],[-72.605001999999956,43.594977000000029],[-72.60384339999996,43.595256300000074],[-72.603305999999975,43.595398000000046],[-72.601534699999945,43.595948200000066],[-72.599417799999969,43.597090200000025],[-72.598063096999965,43.598040169000058]],[[-72.598063096999965,43.598040169000058],[-72.597578199999987,43.598395100000062],[-72.596233999999981,43.599286000000063],[-72.594507999999962,43.599784000000056],[-72.593903999999952,43.599859000000038],[-72.592305999999951,43.599899400000027],[-72.592139999999972,43.599896600000079],[-72.591697399999987,43.599895700000047],[-72.591098999999986,43.599939000000063],[-72.589910999999972,43.60014590000003],[-72.589808399999981,43.600154100000054],[-72.588959999999986,43.600129000000038],[-72.588752199999988,43.600091600000042],[-72.588431999999955,43.600024000000076],[-72.586862499999938,43.599633800000049],[-72.586082999999974,43.599549300000035],[-72.584598999999969,43.599395000000072],[-72.584248099999968,43.599329500000067],[-72.583872999999983,43.599253000000033],[-72.582637799999986,43.599070400000073],[-72.58165699999995,43.599157000000048],[-72.58076699999998,43.599628000000052],[-72.580204999999978,43.599977000000081],[-72.579234299999939,43.600607600000046],[-72.578419999999937,43.601179000000059],[-72.578186399999936,43.60130920000006],[-72.577425999999946,43.601578000000075],[-72.576135599999986,43.601549400000067],[-72.575990899999965,43.60150260000006],[-72.575729999999965,43.601419000000078],[-72.574008999999933,43.601084000000071],[-72.571008699999936,43.601249500000051],[-72.570164999999974,43.601240300000029],[-72.569932999999935,43.601204000000052],[-72.569805199999962,43.601168900000062],[-72.569634599999972,43.601126900000054],[-72.568807199999981,43.600883300000078],[-72.56794119999995,43.600827000000038],[-72.566605699999968,43.601269900000034],[-72.566067999999973,43.601503000000037],[-72.56571299999996,43.601651000000061],[-72.565087999999946,43.601910000000032],[-72.564583999999968,43.60212000000007],[-72.563386799999989,43.602612300000033],[-72.563257299999975,43.602663900000039],[-72.560851999999954,43.603637000000049],[-72.558246999999938,43.60579800000005],[-72.556874999999934,43.606274000000042],[-72.555294999999944,43.606620900000053],[-72.55427119999996,43.607060500000046],[-72.554202999999973,43.607094000000075],[-72.552119999999945,43.608093000000054],[-72.551133999999934,43.608919000000071],[-72.55083099999996,43.609267000000045],[-72.550468999999964,43.609692000000052],[-72.550423999999964,43.609749000000079],[-72.549477399999944,43.610904900000037],[-72.548037999999963,43.612936000000047],[-72.547613399999989,43.613353500000073],[-72.547412899999983,43.613507900000059],[-72.546579699999938,43.614143900000045],[-72.545734999999979,43.614779600000077],[-72.544576999999947,43.615677000000062],[-72.543366999999989,43.61664600000006],[-72.543145999999979,43.616755000000069],[-72.542760999999985,43.616882000000032],[-72.542447399999958,43.61695560000004],[-72.542193999999938,43.61701000000005],[-72.540283999999986,43.617405000000076],[-72.538708199999974,43.617701700000055],[-72.538028099999963,43.617827900000066],[-72.537756999999942,43.617902000000072],[-72.536527999999976,43.618318100000067],[-72.536352999999963,43.618376000000069],[-72.534676999999988,43.618953000000033],[-72.532897999999989,43.620005000000049],[-72.52908739999998,43.620994300000064],[-72.528944999999965,43.621045000000038],[-72.528870999999981,43.621076000000073],[-72.528654199999949,43.621170500000062],[-72.528476999999953,43.621264000000053],[-72.528142999999943,43.621452000000033],[-72.527714999999944,43.621700000000033],[-72.52657899999997,43.622172900000066],[-72.526200099999983,43.622307600000056],[-72.52588499999996,43.622300000000052],[-72.525692599999957,43.622271200000057],[-72.525429999999972,43.62221900000003],[-72.524745999999936,43.622069000000067],[-72.523904999999957,43.622056000000043],[-72.522800999999959,43.622386000000063],[-72.521684999999934,43.622839000000056],[-72.521303999999986,43.623021000000051],[-72.521071599999971,43.623140000000035],[-72.52070759999998,43.623300200000074],[-72.519866999999977,43.623800800000026],[-72.519553599999938,43.624021300000038],[-72.519219999999962,43.624311000000034],[-72.518622199999982,43.62500870000008],[-72.51842929999998,43.625095500000043],[-72.517564799999946,43.625428600000077],[-72.517291999999941,43.625533000000075],[-72.516960999999981,43.625670000000071],[-72.515977999999961,43.626070000000027],[-72.515807499999937,43.626138100000048],[-72.515464999999949,43.626275000000078],[-72.51490199999995,43.626501000000076],[-72.51471829999997,43.626573300000075],[-72.514334299999973,43.62673360000008],[-72.513990999999976,43.626824800000065],[-72.510100999999963,43.626728000000071],[-72.50953549999997,43.626711200000045],[-72.508890199999939,43.626677200000074],[-72.507025999999939,43.626549000000068],[-72.50689269999998,43.626789500000029],[-72.506466499999988,43.627761400000054],[-72.506250399999942,43.628162000000032],[-72.50584299999997,43.629653000000076],[-72.50580199999996,43.629816000000062],[-72.505742999999939,43.630014000000074],[-72.50567529999995,43.630210100000056],[-72.505565999999988,43.630488000000071],[-72.505142999999975,43.631402000000037],[-72.505020999999942,43.631656000000078],[-72.504840999999942,43.632018000000073],[-72.504712099999949,43.632239600000048],[-72.504257999999936,43.63281900000004],[-72.504197999999974,43.632878000000062],[-72.503828999999939,43.633236000000068],[-72.503732999999954,43.633327000000065],[-72.503098599999987,43.633878700000025],[-72.501385999999968,43.635151000000064],[-72.500032999999974,43.635930300000041],[-72.499054999999942,43.636128000000042],[-72.497779999999977,43.636154000000033],[-72.495104999999967,43.636241000000041],[-72.49320309999996,43.636847800000055],[-72.491151899999977,43.637743800000067],[-72.490062999999964,43.638397000000055],[-72.48926199999994,43.638671000000045],[-72.487557999999979,43.638867000000062],[-72.486084999999946,43.638824000000056],[-72.484545899999944,43.638487100000077],[-72.48326499999996,43.638194000000055],[-72.48202299999997,43.638161000000025],[-72.480701899999985,43.638291600000059],[-72.477901999999972,43.638596000000064],[-72.475573999999938,43.638433000000077],[-72.474310999999943,43.638238000000058],[-72.473157999999955,43.637709000000029],[-72.471521999999936,43.636382000000026],[-72.470920999999976,43.635228000000041],[-72.470630699999958,43.633564000000035],[-72.469901099999959,43.632385600000077],[-72.469438899999943,43.631669600000066],[-72.469345899999951,43.631515900000068],[-72.468977499999937,43.630939100000035],[-72.46890609999997,43.630837500000041],[-72.468432899999982,43.630555600000037],[-72.468117199999938,43.630724600000065],[-72.467956699999945,43.630829000000062],[-72.467758555999978,43.63094981900008]],[[-72.467758555999978,43.63094981900008],[-72.467647799999952,43.631015800000057],[-72.467432599999938,43.631134600000053],[-72.467281399999933,43.631206800000029],[-72.467218999999943,43.631234900000038],[-72.466784999999959,43.631270000000029],[-72.466404999999952,43.631253000000072],[-72.466031999999984,43.631245000000035],[-72.464632999999935,43.631160000000079],[-72.463107999999977,43.634411000000057],[-72.463146999999935,43.637550000000033],[-72.462790999999982,43.638482000000067],[-72.462193099999979,43.641126200000031],[-72.46166999999997,43.643223000000035],[-72.461708999999985,43.643668000000048],[-72.462264999999945,43.644718000000069],[-72.462878999999987,43.646760000000029],[-72.462979999999959,43.647421000000065],[-72.463418999999988,43.648385000000076],[-72.464550999999972,43.650171000000057],[-72.466047999999944,43.652160000000038],[-72.465948999999966,43.652302000000077],[-72.466277999999988,43.652504000000079],[-72.468920899999944,43.653906400000039],[-72.46969299999995,43.654598000000078],[-72.470744999999965,43.656415000000038],[-72.471296999999936,43.657728000000077],[-72.471892999999966,43.658169000000044],[-72.471974999999986,43.658913000000041],[-72.471483999999975,43.659289000000058],[-72.470456899999988,43.659695800000065],[-72.468760999999972,43.660466000000042],[-72.468042999999966,43.660915000000045],[-72.467466999999942,43.661544000000049],[-72.466903999999943,43.662161000000026],[-72.466225999999949,43.66357000000005],[-72.466356999999959,43.664159000000041],[-72.467193387999941,43.665141517000052]],[[-72.467193387999941,43.665141517000052],[-72.466356999999959,43.664159000000041],[-72.466225999999949,43.66357000000005],[-72.466903999999943,43.662161000000026],[-72.467466999999942,43.661544000000049],[-72.468042999999966,43.660915000000045],[-72.468760999999972,43.660466000000042],[-72.470456899999988,43.659695800000065],[-72.471483999999975,43.659289000000058],[-72.471974999999986,43.658913000000041],[-72.471892999999966,43.658169000000044],[-72.471296999999936,43.657728000000077],[-72.470744999999965,43.656415000000038],[-72.46969299999995,43.654598000000078],[-72.468920899999944,43.653906400000039],[-72.466277999999988,43.652504000000079],[-72.465948999999966,43.652302000000077],[-72.466047999999944,43.652160000000038],[-72.464550999999972,43.650171000000057],[-72.463418999999988,43.648385000000076],[-72.462979999999959,43.647421000000065],[-72.462878999999987,43.646760000000029],[-72.462264999999945,43.644718000000069],[-72.461708999999985,43.643668000000048],[-72.46166999999997,43.643223000000035],[-72.462193099999979,43.641126200000031],[-72.462790999999982,43.638482000000067],[-72.463146999999935,43.637550000000033],[-72.463107999999977,43.634411000000057],[-72.464632999999935,43.631160000000079],[-72.466031999999984,43.631245000000035],[-72.466404999999952,43.631253000000072],[-72.466784999999959,43.631270000000029],[-72.467218999999943,43.631234900000038],[-72.467281399999933,43.631206800000029],[-72.467432599999938,43.631134600000053],[-72.467647799999952,43.631015800000057],[-72.467956699999945,43.630829000000062],[-72.468117199999938,43.630724600000065],[-72.468432899999982,43.630555600000037],[-72.46890609999997,43.630837500000041],[-72.468977499999937,43.630939100000035],[-72.469345899999951,43.631515900000068],[-72.469438899999943,43.631669600000066],[-72.469901099999959,43.632385600000077],[-72.470630699999958,43.633564000000035],[-72.470920999999976,43.635228000000041],[-72.471521999999936,43.636382000000026],[-72.473157999999955,43.637709000000029],[-72.474310999999943,43.638238000000058],[-72.475573999999938,43.638433000000077],[-72.477901999999972,43.638596000000064],[-72.480701899999985,43.638291600000059],[-72.48202299999997,43.638161000000025],[-72.48326499999996,43.638194000000055],[-72.484545899999944,43.638487100000077],[-72.486084999999946,43.638824000000056],[-72.487557999999979,43.638867000000062],[-72.48926199999994,43.638671000000045],[-72.490062999999964,43.638397000000055],[-72.491151899999977,43.637743800000067],[-72.49320309999996,43.636847800000055],[-72.495104999999967,43.636241000000041],[-72.497779999999977,43.636154000000033],[-72.499054999999942,43.636128000000042],[-72.500032999999974,43.635930300000041],[-72.501385999999968,43.635151000000064],[-72.503098599999987,43.633878700000025],[-72.503732999999954,43.633327000000065],[-72.503828999999939,43.633236000000068],[-72.504197999999974,43.632878000000062],[-72.504257999999936,43.63281900000004],[-72.504712099999949,43.632239600000048],[-72.504840999999942,43.632018000000073],[-72.505020999999942,43.631656000000078],[-72.505142999999975,43.631402000000037],[-72.505565999999988,43.630488000000071],[-72.50567529999995,43.630210100000056],[-72.505742999999939,43.630014000000074],[-72.50580199999996,43.629816000000062],[-72.50584299999997,43.629653000000076],[-72.506250399999942,43.628162000000032],[-72.506466499999988,43.627761400000054],[-72.50689269999998,43.626789500000029],[-72.507025999999939,43.626549000000068],[-72.508890199999939,43.626677200000074],[-72.50953549999997,43.626711200000045],[-72.509800999999982,43.626720000000034],[-72.510100999999963,43.626728000000071],[-72.510901099999955,43.62675100000007],[-72.511027699999943,43.626754400000038],[-72.511414999999943,43.626764700000081],[-72.511558999999977,43.626768500000026],[-72.511791899999935,43.626774700000055],[-72.512023399999975,43.626780900000028],[-72.512388899999962,43.626790600000049],[-72.513048199999957,43.626808200000028],[-72.513136899999949,43.626810500000033],[-72.513342999999963,43.626816000000076],[-72.513492999999983,43.626818000000071],[-72.513990999999976,43.626824800000065],[-72.514334299999973,43.62673360000008],[-72.51471829999997,43.626573300000075],[-72.51490199999995,43.626501000000076],[-72.515807499999937,43.626138100000048],[-72.515845274999947,43.62612301200005]],[[-72.515845274999947,43.62612301200005],[-72.515977999999961,43.626070000000027],[-72.516116999999952,43.626014000000055],[-72.516914118999978,43.625689161000025]],[[-72.516914118999978,43.625689161000025],[-72.516960999999981,43.625670000000071],[-72.517291999999941,43.625533000000075],[-72.517564799999946,43.625428600000077],[-72.517801199999951,43.625338900000031],[-72.51842929999998,43.625095500000043],[-72.518447899999956,43.625796300000047],[-72.518032699999935,43.625763100000029],[-72.517936199999951,43.625588400000026]],[[-72.517936199999951,43.625588400000026],[-72.518032699999935,43.625763100000029],[-72.518447899999956,43.625796300000047],[-72.518474399999945,43.625349700000072],[-72.51842929999998,43.625095500000043],[-72.518622199999982,43.62500870000008],[-72.519032699999968,43.624847600000066],[-72.51939729999998,43.624669500000039],[-72.519598999999971,43.624567900000045],[-72.520116999999971,43.62457500000005],[-72.520367999999962,43.624635000000069],[-72.520398526999941,43.624642943000026]],[[-72.520398526999941,43.624642943000026],[-72.520367999999962,43.624635000000069],[-72.520116999999971,43.62457500000005],[-72.519885999999985,43.624379000000033],[-72.520525099999986,43.623774400000059],[-72.520799099999977,43.62348140000006],[-72.52070759999998,43.623300200000074],[-72.519866999999977,43.623800800000026],[-72.519553599999938,43.624021300000038],[-72.519335999999953,43.62420000000003],[-72.519219999999962,43.624311000000034],[-72.518902799999978,43.624685200000044],[-72.518622199999982,43.62500870000008],[-72.51842929999998,43.625095500000043],[-72.518474399999945,43.625349700000072],[-72.518780945999936,43.625360797000042]],[[-72.518780945999936,43.625360797000042],[-72.519163899999967,43.625497100000075],[-72.51912139999996,43.625843100000054],[-72.518444099999954,43.625847400000055],[-72.518397999999934,43.62693900000005],[-72.516994999999952,43.626908000000071],[-72.516898999999967,43.626905000000079],[-72.516158999999959,43.626873000000046],[-72.516116999999952,43.626014000000055],[-72.516368974999978,43.625911520000045]],[[-72.516368974999978,43.625911520000045],[-72.516960999999981,43.625670000000071],[-72.517291999999941,43.625533000000075],[-72.517564799999946,43.625428600000077],[-72.517801199999951,43.625338900000031],[-72.51842929999998,43.625095500000043],[-72.518622199999982,43.62500870000008],[-72.519032699999968,43.624847600000066],[-72.51939729999998,43.624669500000039],[-72.520525099999986,43.623774400000059],[-72.520799099999977,43.62348140000006],[-72.52070759999998,43.623300200000074],[-72.519866999999977,43.623800800000026],[-72.51959549999998,43.62321060000005],[-72.519370899999956,43.623278000000028],[-72.51901053399996,43.623422290000065]],[[-72.51901053399996,43.623422290000065],[-72.519370899999956,43.623278000000028],[-72.51959549999998,43.62321060000005],[-72.519866999999977,43.623800800000026],[-72.519553599999938,43.624021300000038],[-72.519219999999962,43.624311000000034],[-72.518622199999982,43.62500870000008],[-72.51842929999998,43.625095500000043],[-72.518447899999956,43.625796300000047],[-72.518444099999954,43.625847400000055],[-72.518397999999934,43.62693900000005],[-72.518383799999981,43.627241900000058],[-72.518350999999939,43.628018000000054],[-72.518341999999961,43.628334000000052],[-72.518300399999987,43.628923300000054],[-72.518269999999973,43.62903220000004],[-72.518206999999961,43.629154500000027],[-72.51772619999997,43.629456600000026],[-72.517263999999955,43.629897000000028],[-72.517181599999958,43.630014200000062],[-72.517029999999977,43.63027500000004],[-72.516794999999945,43.630967000000055],[-72.516880999999955,43.631566500000076],[-72.516997599999968,43.631938300000058],[-72.517095999999981,43.632207000000051],[-72.517077499999971,43.632515100000035],[-72.517011999999966,43.632710000000031],[-72.516945999999962,43.632766000000061],[-72.516725999999949,43.632931000000042],[-72.516584499999965,43.633032100000037],[-72.516296299999965,43.63282010000006],[-72.51583409999995,43.631957200000045],[-72.515638999999965,43.631885100000034],[-72.515768299999934,43.631745200000069]],[[-72.515768299999934,43.631745200000069],[-72.515967599999954,43.631813100000045],[-72.516283499999986,43.632027200000039],[-72.516782099999944,43.632888200000025],[-72.516945999999962,43.632766000000061],[-72.517011999999966,43.632710000000031],[-72.517077499999971,43.632515100000035],[-72.517095999999981,43.632207000000051],[-72.516997599999968,43.631938300000058],[-72.516880999999955,43.631566500000076],[-72.517245999999943,43.631451000000027],[-72.517654793999952,43.631007344000068]],[[-72.517654793999952,43.631007344000068],[-72.518077999999946,43.630702000000042],[-72.518088199999966,43.630538300000069],[-72.517888399999947,43.630543200000034],[-72.517410199999972,43.630461900000057],[-72.517181599999958,43.630014200000062],[-72.517263999999955,43.629897000000028],[-72.51772619999997,43.629456600000026],[-72.518269999999973,43.62903220000004],[-72.518300399999987,43.628923300000054],[-72.518341999999961,43.628334000000052],[-72.518350999999939,43.628018000000054],[-72.518383799999981,43.627241900000058],[-72.518397999999934,43.62693900000005],[-72.516994999999952,43.626908000000071],[-72.516898999999967,43.626905000000079],[-72.515016199999934,43.626847600000076],[-72.513990999999976,43.626824800000065],[-72.510100999999963,43.626728000000071],[-72.50953549999997,43.626711200000045],[-72.508890199999939,43.626677200000074],[-72.507025999999939,43.626549000000068],[-72.50689269999998,43.626789500000029],[-72.506466499999988,43.627761400000054],[-72.506250399999942,43.628162000000032],[-72.50596429999996,43.629013800000052],[-72.50584299999997,43.629653000000076],[-72.50580199999996,43.629816000000062],[-72.505742999999939,43.630014000000074],[-72.50567529999995,43.630210100000056],[-72.505565999999988,43.630488000000071],[-72.505142999999975,43.631402000000037],[-72.505020999999942,43.631656000000078],[-72.504840999999942,43.632018000000073],[-72.504712099999949,43.632239600000048],[-72.504257999999936,43.63281900000004],[-72.504197999999974,43.632878000000062],[-72.503828999999939,43.633236000000068],[-72.503732999999954,43.633327000000065],[-72.503098599999987,43.633878700000025],[-72.501385999999968,43.635151000000064],[-72.500032999999974,43.635930300000041],[-72.499054999999942,43.636128000000042],[-72.497779999999977,43.636154000000033],[-72.495104999999967,43.636241000000041],[-72.49320309999996,43.636847800000055],[-72.491151899999977,43.637743800000067],[-72.490062999999964,43.638397000000055],[-72.48926199999994,43.638671000000045],[-72.487557999999979,43.638867000000062],[-72.486084999999946,43.638824000000056],[-72.484545899999944,43.638487100000077],[-72.48326499999996,43.638194000000055],[-72.48202299999997,43.638161000000025],[-72.480701899999985,43.638291600000059],[-72.477901999999972,43.638596000000064],[-72.475573999999938,43.638433000000077],[-72.474310999999943,43.638238000000058],[-72.473157999999955,43.637709000000029],[-72.471521999999936,43.636382000000026],[-72.470920999999976,43.635228000000041],[-72.470630699999958,43.633564000000035],[-72.469901099999959,43.632385600000077],[-72.469438899999943,43.631669600000066],[-72.469345899999951,43.631515900000068],[-72.468702199999939,43.630598600000042],[-72.468495599999983,43.630434500000035],[-72.46836559999997,43.630344300000047],[-72.468079899999964,43.63016760000005],[-72.467890799999964,43.63004920000003],[-72.467685399999937,43.629918100000054],[-72.466446399999938,43.629215300000055],[-72.465541199999961,43.628990100000067],[-72.462719999999933,43.628249000000039],[-72.460196999999937,43.627331000000027],[-72.458829999999978,43.626937000000055],[-72.458492999999976,43.626897000000042],[-72.457542299999943,43.626939600000071],[-72.457478299999934,43.626951100000042],[-72.455929999999967,43.627565000000061],[-72.455326999999954,43.62813600000004],[-72.455011999999954,43.628722000000039],[-72.454950999999937,43.628950000000032],[-72.454930999999988,43.629083000000037],[-72.45498299999997,43.629770000000065],[-72.455304999999953,43.630665000000079],[-72.455803999999944,43.63212500000003],[-72.455763999999988,43.632740000000069],[-72.455554999999947,43.633246000000042],[-72.455190999999957,43.633717000000047],[-72.454513999999961,43.634236000000044],[-72.452907999999979,43.634757000000036],[-72.452478399999961,43.63485060000005],[-72.451736099999948,43.635013100000037],[-72.451059799999939,43.635175700000048],[-72.450645899999984,43.635317200000031],[-72.449679999999944,43.635784000000058],[-72.447229999999934,43.636491000000035],[-72.444962799999985,43.637621200000069],[-72.443783399999973,43.638183800000036],[-72.442962999999963,43.638770900000054],[-72.442000999999948,43.639863000000048],[-72.440688999999963,43.642258000000027],[-72.440370999999971,43.642718000000059],[-72.439516999999967,43.643462000000056],[-72.438118999999972,43.644351000000029],[-72.43528699999996,43.64492000000007],[-72.433758999999952,43.644859000000054],[-72.432340999999951,43.644751000000042],[-72.430376999999964,43.644330000000025],[-72.429246999999975,43.644037000000026],[-72.428314099999966,43.644118300000059],[-72.427016199999969,43.644408700000042],[-72.425109999999961,43.64465400000006],[-72.423144999999977,43.644209000000046],[-72.419828999999936,43.643290000000036],[-72.419536999999934,43.643210000000067],[-72.419427699999972,43.643666000000053],[-72.419307099999969,43.64481690000008],[-72.419078999999954,43.645343000000025],[-72.418967382999938,43.645471181000062]],[[-72.418967382999938,43.645471181000062],[-72.419078999999954,43.645343000000025],[-72.419307099999969,43.64481690000008],[-72.419427699999972,43.643666000000053],[-72.419536999999934,43.643210000000067],[-72.418865899999957,43.643020700000079],[-72.418159999999943,43.642876000000058],[-72.417463999999939,43.642791000000045],[-72.416225999999938,43.642698000000053],[-72.415594999999939,43.642651000000058],[-72.41389049999998,43.642362200000036],[-72.412507999999946,43.641625000000033],[-72.411745199999984,43.640698400000076],[-72.411428399999977,43.63981890000008],[-72.411089999999945,43.638817000000074],[-72.410897999999975,43.638535000000047],[-72.409953999999971,43.637805000000071],[-72.408717499999966,43.637418100000048],[-72.408521699999937,43.637372900000059],[-72.408413011999983,43.637346635000029]],[[-72.408413011999983,43.637346635000029],[-72.408368999999936,43.637336000000062],[-72.408185299999957,43.63730060000006],[-72.407831999999985,43.637227600000074],[-72.407517499999983,43.637183300000061],[-72.407250999999974,43.637141000000042],[-72.406767199999933,43.637080000000026],[-72.406533699999954,43.637056900000061],[-72.406256799999937,43.637037400000054],[-72.405569999999955,43.637034000000028],[-72.40474329999995,43.63705820000007],[-72.404563199999984,43.637063600000033],[-72.403986999999972,43.63708100000008],[-72.40321849999998,43.637104200000067],[-72.401976199999979,43.63714340000007],[-72.398161799999968,43.637157300000069],[-72.398021299999982,43.637137600000074],[-72.39638199999996,43.636978000000056],[-72.39503499999995,43.637118000000044],[-72.394812799999954,43.637174600000037],[-72.394423899999936,43.63728100000003],[-72.393350999999939,43.637722000000053],[-72.392618999999968,43.63820000000004],[-72.392057999999963,43.638816000000077],[-72.391799399999968,43.639350800000045],[-72.391740999999968,43.640183000000036],[-72.392149999999958,43.641175000000032],[-72.39226199999996,43.641324000000054],[-72.393706999999949,43.643150000000048],[-72.394141999999988,43.64417300000008],[-72.394219099999987,43.64534180000004],[-72.393738199999973,43.647321700000077],[-72.393539899999951,43.648112900000058],[-72.393506199999933,43.648241300000052],[-72.392985899999985,43.649861000000044],[-72.392089999999939,43.651122000000043],[-72.391983499999981,43.651226500000064],[-72.391171299999939,43.651995200000044],[-72.390634799999987,43.652365800000041],[-72.390372299999967,43.652515100000073],[-72.389998099999957,43.652740700000038],[-72.389441099999942,43.653135400000053],[-72.388837099999989,43.653695200000072],[-72.38826279999995,43.654619800000035],[-72.388106199999982,43.655189900000039],[-72.387949399999968,43.656269900000041],[-72.387898299999961,43.656653000000063],[-72.387420999999961,43.660048000000074],[-72.387370699999963,43.660636200000056],[-72.387361799999951,43.66103430000004],[-72.387413299999935,43.661459900000068],[-72.387437799999987,43.661586500000055],[-72.387567999999987,43.662127000000055],[-72.387340999999935,43.662171000000058],[-72.38539899999995,43.662675000000036],[-72.383726999999965,43.663743000000068],[-72.382958999999971,43.663989000000072],[-72.38205499999998,43.664006000000029],[-72.379644699999972,43.66353730000003],[-72.377410699999984,43.663114800000074],[-72.377310199999954,43.663099000000045],[-72.376522899999941,43.662973200000067],[-72.37439859999995,43.662639400000046],[-72.372063499999967,43.662256700000057],[-72.363899299999957,43.660958300000061],[-72.363143899999955,43.66084150000006],[-72.362796699999933,43.660787800000037],[-72.361222099999964,43.660533900000075],[-72.355816999999945,43.659616200000073],[-72.353868599999942,43.658956700000033],[-72.352525399999934,43.658264900000063],[-72.351200999999946,43.657341000000031],[-72.349943999999937,43.656059000000027],[-72.347233999999958,43.651443000000029],[-72.346859999999936,43.650558000000046],[-72.346690999999964,43.649643000000026],[-72.346955999999977,43.647316000000046],[-72.346891999999968,43.64646300000004],[-72.346599399999945,43.645647600000075],[-72.345786999999973,43.644527000000039],[-72.344855299999949,43.643779900000027],[-72.344741599999963,43.643708600000025],[-72.343389899999977,43.642861000000039],[-72.343314999999961,43.642814000000044],[-72.342925999999977,43.642571000000032],[-72.342744899999957,43.642457000000036],[-72.341778799999986,43.641864100000078],[-72.339995199999976,43.640745300000049],[-72.338748799999962,43.63998470000007],[-72.338640699999985,43.63992230000008],[-72.338323699999933,43.639708400000075],[-72.338201099999935,43.639627300000029],[-72.337202899999966,43.638994100000048],[-72.337127499999951,43.638946300000043],[-72.336816699999986,43.638759500000049],[-72.334511899999939,43.637346300000047],[-72.334105599999987,43.637101700000073],[-72.332494899999972,43.636136000000079],[-72.33224679999995,43.635986500000058],[-72.33056769999996,43.635232300000041],[-72.330251199999964,43.635104200000058],[-72.329942799999969,43.634976100000074],[-72.329658499999937,43.634861600000079],[-72.329572599999949,43.634818900000027],[-72.327743399999974,43.633999600000038],[-72.327281999999968,43.633799700000054],[-72.32672139999994,43.633574500000066],[-72.326616799999954,43.633529900000042],[-72.324265999999966,43.632417000000032],[-72.323891999999944,43.632281000000035],[-72.323049499999968,43.632021300000076],[-72.320191499999964,43.631487900000025],[-72.319954099999961,43.631453000000079],[-72.319769999999949,43.631423400000074],[-72.315114699999981,43.630784100000028],[-72.31349819999997,43.630756200000064],[-72.311661699999945,43.630929900000069],[-72.306606999999985,43.632000000000062],[-72.295750999999939,43.634366000000057],[-72.293239999999969,43.634671000000026],[-72.289567999999974,43.634873000000027],[-72.287331999999935,43.635049000000038],[-72.285365499999955,43.635511300000076],[-72.283338199999946,43.636459700000046],[-72.283055999999988,43.636613800000077],[-72.282326999999952,43.636908000000062],[-72.281052999999986,43.637379000000067],[-72.279818999999975,43.637422000000072],[-72.278734999999983,43.637397000000078],[-72.278386399999988,43.637607800000069],[-72.277282299999968,43.637573400000065],[-72.276960599999938,43.637648100000035],[-72.276703099999963,43.637669500000072],[-72.274079299999983,43.637906600000065],[-72.270648699999981,43.638230800000031],[-72.266325599999959,43.638690600000075],[-72.265016599999967,43.638613000000078],[-72.261386799999968,43.63844000000006],[-72.259792199999936,43.638416600000028],[-72.257742399999984,43.639156600000035],[-72.257068499999946,43.639500700000042],[-72.255971999999986,43.640306700000053],[-72.255870899999934,43.640391300000033],[-72.255374199999949,43.641516100000047],[-72.255310899999984,43.641575100000068],[-72.25519289999994,43.641654100000039],[-72.254718999999966,43.641792500000065],[-72.254598299999941,43.641815800000074],[-72.254334699999959,43.641873900000064],[-72.254135599999984,43.641887500000053],[-72.253998199999955,43.641922800000032],[-72.253739999999937,43.641978000000051],[-72.253444999999942,43.64200100000005],[-72.253096999999968,43.641962000000035],[-72.252512999999965,43.641896000000031],[-72.252213999999981,43.641918000000032],[-72.250941699999942,43.642001100000073],[-72.250626999999952,43.642159000000049],[-72.250594999999976,43.64242500000006],[-72.250747999999987,43.642807000000062],[-72.251044999999976,43.642945000000054],[-72.251270999999974,43.642925000000048],[-72.251623999999936,43.642895000000067],[-72.251923799999986,43.642864600000053],[-72.252409999999941,43.642771000000039],[-72.252425999999957,43.642735000000073],[-72.252422258999957,43.642682624000031]],[[-72.252422258999957,43.642682624000031],[-72.252417999999977,43.642623000000071],[-72.252352999999971,43.642258000000027],[-72.252526999999986,43.642016000000069],[-72.25278899999995,43.641999000000055],[-72.252928999999938,43.642023000000052],[-72.253323399999942,43.642156800000066],[-72.25351969999997,43.642221600000028],[-72.253688799999964,43.642245000000059],[-72.253849899999977,43.642304400000057],[-72.253943099999958,43.642344600000058],[-72.254069899999934,43.642413100000056],[-72.254255199999989,43.642539300000067],[-72.254622999999981,43.643236000000059],[-72.254619699999978,43.643364700000063],[-72.254549999999938,43.643619000000058],[-72.254515099999935,43.643718000000035],[-72.254488299999934,43.643767500000081],[-72.254391199999986,43.643969000000027],[-72.25357699999995,43.645608500000037],[-72.253515299999947,43.646113100000036],[-72.253520199999969,43.646189200000038],[-72.253539499999988,43.64648770000008],[-72.253555999999946,43.646897000000081],[-72.253555999999946,43.64696200000003],[-72.25297889999996,43.647215500000073],[-72.251744999999971,43.647211600000048],[-72.250707099999943,43.64725240000007],[-72.249787399999946,43.647496500000045],[-72.249455299999966,43.647644300000024],[-72.248951399999953,43.647955100000047],[-72.248461299999974,43.648406900000055],[-72.247821199999976,43.648319700000059],[-72.247130299999981,43.648278300000072],[-72.244684499999948,43.648001300000033],[-72.243226999999933,43.647740000000056],[-72.242953799999952,43.64775300000008],[-72.242505999999935,43.647681000000034],[-72.239807799999937,43.64728000000008],[-72.238887899999952,43.647145700000067],[-72.23646599999995,43.646580000000029],[-72.234813999999972,43.645815000000027],[-72.23471399999994,43.645758000000058],[-72.233944999999949,43.645308000000057],[-72.232086999999979,43.644210000000044],[-72.228004999999939,43.641881000000069],[-72.225597999999934,43.641124000000048],[-72.222356999999988,43.64075500000007],[-72.220915999999988,43.640633800000046],[-72.22071219999998,43.640616300000033],[-72.220443999999986,43.640585300000055],[-72.217938799999956,43.640305700000056],[-72.216429999999946,43.639885000000049],[-72.214858599999957,43.639113800000075],[-72.213858199999947,43.638316900000063],[-72.213683799999956,43.638137100000051],[-72.213537999999971,43.63796700000006],[-72.213211999999942,43.637538500000062],[-72.21312869999997,43.637405000000058],[-72.212891599999978,43.63698480000005],[-72.212794499999973,43.636777300000062],[-72.212211899999943,43.635411000000033],[-72.212171999999953,43.635313000000053],[-72.211650799999973,43.634066000000075],[-72.210757599999965,43.630770900000073],[-72.210299999999961,43.629523000000063],[-72.20962899999995,43.628655000000037],[-72.208723999999961,43.627897000000075],[-72.206364999999948,43.626341000000025],[-72.204928999999936,43.625737000000072],[-72.201541999999961,43.624452000000076],[-72.200486999999953,43.62379500000003],[-72.199638999999934,43.623031000000026],[-72.198693799999944,43.621764700000028],[-72.196203999999966,43.617808000000025],[-72.194934999999987,43.616276000000028],[-72.192074999999988,43.613313000000062],[-72.19202759999996,43.61326820000005],[-72.191892399999972,43.61314230000005],[-72.191738399999963,43.612998800000071],[-72.191246599999943,43.612551000000053],[-72.188953999999967,43.610449000000074],[-72.187102999999979,43.608460000000036],[-72.18556719999998,43.606520400000079],[-72.185194399999943,43.606021200000043],[-72.184682099999975,43.605345300000067],[-72.183484999999962,43.603995000000054],[-72.182506999999987,43.603232000000048],[-72.181466999999941,43.602660000000071],[-72.17893399999997,43.601827000000071],[-72.176690999999948,43.601616000000035],[-72.171555999999953,43.601761000000067],[-72.16992799999997,43.601480000000038],[-72.168395299999986,43.600875900000062],[-72.168084799999974,43.600700800000027],[-72.167643999999939,43.600410000000068],[-72.166499999999985,43.59930200000008],[-72.16595499999994,43.598318000000063],[-72.165722999999957,43.597267000000045],[-72.165787399999942,43.596303700000078],[-72.166206999999986,43.59495400000003],[-72.167397899999969,43.591399600000045],[-72.167552999999941,43.590130000000045],[-72.167304999999942,43.588796000000059],[-72.166802999999959,43.587714000000062],[-72.162761999999987,43.582233000000031],[-72.162105999999937,43.58112600000004],[-72.16094099999998,43.576410000000067],[-72.160297999999955,43.574966000000074],[-72.159040999999945,43.573399000000052],[-72.156992999999943,43.571845000000053],[-72.153941999999972,43.569797000000051],[-72.152657599999941,43.568922300000054],[-72.150687999999946,43.56759900000003],[-72.149920999999949,43.567044000000067],[-72.149549999999977,43.566782000000046],[-72.149215999999967,43.566541000000029],[-72.146620999999982,43.56467200000003],[-72.144314999999949,43.56285100000008],[-72.142992999999933,43.561044000000038],[-72.142422999999951,43.559428000000025],[-72.141384999999957,43.554587000000026],[-72.138886999999954,43.543005000000051],[-72.138547999999957,43.541239000000076],[-72.138611999999966,43.539649000000054],[-72.138762999999983,43.538708000000042],[-72.139598999999976,43.533676000000071],[-72.139730999999983,43.532922000000042],[-72.139798999999982,43.532578000000058],[-72.139839999999936,43.532404000000042],[-72.14030699999995,43.530843000000061],[-72.140372999999954,43.530642000000057],[-72.140701699999966,43.52963260000007],[-72.142263999999955,43.524602000000073],[-72.14226999999994,43.523224000000027],[-72.141775999999936,43.521707000000049],[-72.141360999999961,43.521018000000026],[-72.135740999999939,43.513259000000062],[-72.135077999999965,43.512057000000027],[-72.134603999999968,43.510082000000068],[-72.134391999999934,43.503952000000027],[-72.134329099999945,43.502923800000076],[-72.134180199999946,43.502047400000038],[-72.134155999999962,43.501945000000035],[-72.13406109999994,43.501587900000061],[-72.133103999999946,43.498888000000079],[-72.133021999999983,43.498655000000042],[-72.132990999999947,43.498581000000058],[-72.131415999999945,43.494308000000046],[-72.130407499999933,43.492694700000072],[-72.12900019999995,43.491468500000053],[-72.127245999999957,43.490550000000042],[-72.125282599999935,43.489977100000033],[-72.123503299999982,43.489797200000055],[-72.113869999999963,43.490008000000046],[-72.113513999999952,43.49002100000007],[-72.111918999999943,43.48997600000007],[-72.110769999999945,43.489788000000033],[-72.109188999999958,43.489269000000036],[-72.10767199999998,43.488378000000068],[-72.106615999999974,43.48732300000006],[-72.106015999999954,43.486286000000064],[-72.104759999999942,43.483172000000025],[-72.104231999999968,43.481846000000075],[-72.101845999999966,43.475864000000058],[-72.10159699999997,43.47476400000005],[-72.10164999999995,43.473594000000048],[-72.101962999999955,43.472597000000064],[-72.10334899999998,43.469951000000037],[-72.103519999999946,43.468940000000032],[-72.103428999999949,43.467935000000068],[-72.102944999999977,43.466756000000032],[-72.102080999999941,43.465669000000048],[-72.101115999999934,43.464898000000062],[-72.099069999999983,43.463609000000076],[-72.097190999999953,43.462415000000078],[-72.095882999999958,43.46131500000007],[-72.094869999999958,43.46005800000006],[-72.094158999999934,43.458577000000048],[-72.092816999999968,43.455036000000064],[-72.092291999999986,43.454007000000047],[-72.09143899999998,43.453022000000033],[-72.088725999999951,43.451225000000079],[-72.088017999999977,43.450805000000059],[-72.080278999999962,43.446289000000036],[-72.077409999999986,43.444970000000069],[-72.072475999999938,43.443001000000038],[-72.072138999999936,43.442883000000052],[-72.069864999999936,43.442257000000041],[-72.064551999999935,43.441394000000059],[-72.064266599999939,43.441349700000046],[-72.062324999999987,43.441047000000026],[-72.062047999999947,43.441005000000075],[-72.059155399999952,43.440556700000059],[-72.057139999999947,43.440185000000042],[-72.055952299999944,43.439912100000072],[-72.055270999999948,43.439733000000047],[-72.054563999999971,43.439535000000035],[-72.054212999999947,43.439430000000073],[-72.053451999999936,43.439179000000081],[-72.051550999999961,43.438528000000076],[-72.046632999999986,43.436709000000064],[-72.045121999999935,43.435852000000068],[-72.04388199999994,43.434886000000063],[-72.042794999999956,43.433730000000025],[-72.041974999999979,43.432493000000079],[-72.040238999999985,43.428229000000044],[-72.040022999999962,43.427689000000044],[-72.039802999999949,43.427140000000065],[-72.039592999999968,43.426580000000058],[-72.03866499999998,43.424330000000054],[-72.037690399999974,43.422533100000066],[-72.03738199999998,43.422038000000043],[-72.035076599999968,43.419128200000046],[-72.034865799999977,43.41889610000004],[-72.034693999999945,43.418710000000033],[-72.034554999999955,43.418555000000026],[-72.033598199999972,43.417518400000063],[-72.027196999999944,43.410480000000064],[-72.026894999999968,43.410148000000049],[-72.026351999999974,43.409544000000039],[-72.026053999999988,43.409212000000025],[-72.02578699999998,43.408918000000028],[-72.022588999999982,43.405579000000046],[-72.017538999999942,43.401708000000042],[-72.012351999999964,43.397811000000047],[-72.010590999999977,43.396835000000067],[-72.007736999999963,43.395943000000045],[-72.00418639999998,43.395475900000065],[-72.003183999999976,43.395352000000059],[-71.991656999999975,43.393977000000064],[-71.988894999999957,43.393496000000027],[-71.988581799999963,43.393420300000059],[-71.983341399999972,43.391798000000051],[-71.980653999999959,43.390917000000059],[-71.977684199999942,43.389932500000043],[-71.977327999999943,43.389815000000056],[-71.973004999999944,43.388243000000045],[-71.971475999999939,43.387440000000026],[-71.968437999999935,43.385487000000069],[-71.968135999999959,43.385292000000049],[-71.96193999999997,43.381312000000037],[-71.959505999999976,43.380078000000026],[-71.957316999999989,43.379183000000069],[-71.944141999999943,43.374937000000045],[-71.939055999999937,43.373268000000053],[-71.937260999999978,43.372291000000075],[-71.935659999999984,43.370739000000071],[-71.932974099999967,43.366816500000027],[-71.932493499999964,43.366110000000049],[-71.927693999999974,43.359093500000029],[-71.92665999999997,43.357737000000043],[-71.92541099999994,43.356510000000071],[-71.923856999999941,43.355386000000067],[-71.919628999999986,43.353253000000052],[-71.918962999999962,43.352929000000074],[-71.916847699999948,43.351886100000058],[-71.915213299999948,43.350629400000059],[-71.914395999999954,43.349751800000035],[-71.913647599999933,43.348564300000078],[-71.910921299999984,43.342756500000064],[-71.910684199999935,43.342062400000032],[-71.910653999999965,43.341960200000074],[-71.909927999999979,43.339052000000038],[-71.909685499999966,43.338059000000044],[-71.908748799999955,43.334116400000028],[-71.907592999999963,43.329631000000063],[-71.907070999999974,43.328726000000074],[-71.906288999999958,43.32792500000005],[-71.904682999999977,43.32699000000008],[-71.898073999999951,43.324672000000078],[-71.896084999999971,43.32356800000008],[-71.894585999999947,43.322434500000043],[-71.891304999999988,43.319810000000075],[-71.890211999999963,43.319227000000069],[-71.888735999999938,43.318731000000071],[-71.886680999999953,43.318471000000045],[-71.880547999999976,43.31837900000005],[-71.875120999999979,43.318295000000035],[-71.872968999999955,43.318001000000038],[-71.871175999999934,43.31739900000008],[-71.864398999999935,43.31448400000005],[-71.862162199999943,43.313869000000068],[-71.860319999999945,43.313640000000078],[-71.857233999999949,43.313567000000035],[-71.853694999999959,43.313441000000068],[-71.850993999999957,43.312901000000068],[-71.848593999999935,43.31188300000008],[-71.847439999999949,43.311132000000043],[-71.84639999999996,43.310213000000033],[-71.845586999999966,43.309228000000076],[-71.845063999999979,43.308339000000046],[-71.84084699999994,43.29978600000004],[-71.839979999999969,43.297790000000077],[-71.839138999999989,43.295262000000037],[-71.83819699999998,43.292388000000074],[-71.836928999999941,43.289606000000049],[-71.83669249999997,43.289163300000041],[-71.836427999999955,43.288684000000046],[-71.835940999999934,43.287794000000076],[-71.835685999999953,43.287333000000046],[-71.835114999999973,43.286313000000064],[-71.834252299999946,43.284797100000048],[-71.833585999999968,43.283738000000028],[-71.832477999999981,43.282527000000073],[-71.830206999999973,43.28100100000006],[-71.828690999999935,43.280242000000044],[-71.827023999999938,43.279409000000044],[-71.82461399999994,43.278425000000027],[-71.821702999999957,43.277961000000062],[-71.816773999999953,43.277405000000044],[-71.815188999999975,43.27702000000005],[-71.813568099999941,43.276385800000071],[-71.812239999999974,43.275642000000062],[-71.809253999999953,43.273577000000046],[-71.807894999999974,43.272630000000049],[-71.807227999999952,43.272179000000051],[-71.806062999999938,43.271483000000046],[-71.804592999999954,43.270886000000075],[-71.803084999999953,43.270498000000032],[-71.801174999999944,43.270283000000063],[-71.80004329999997,43.270285700000045],[-71.798613999999986,43.27043400000008],[-71.797058999999933,43.270791000000031],[-71.792738999999983,43.27246800000006],[-71.792568999999958,43.27251300000006],[-71.791268999999943,43.272729000000027],[-71.789908999999966,43.272725000000037],[-71.78835399999997,43.272447000000057],[-71.787106499999936,43.271964700000069],[-71.786015899999938,43.271379200000069],[-71.785509499999989,43.271107000000029],[-71.784546999999975,43.270591000000024],[-71.783990999999958,43.270295000000033],[-71.783098999999936,43.269814000000054],[-71.782650999999987,43.269570000000044],[-71.781244999999956,43.268889000000058],[-71.779860999999983,43.268466000000046],[-71.778535999999974,43.268278000000066],[-71.774689999999964,43.268149000000051],[-71.773206999999957,43.267926000000045],[-71.771634999999947,43.267458000000033],[-71.769199999999955,43.266368000000057],[-71.759281999999985,43.261821000000054],[-71.757795999999985,43.261013000000048],[-71.756555999999989,43.260137000000043],[-71.755326999999966,43.259009000000049],[-71.753467999999941,43.25658100000004],[-71.752256999999986,43.254876000000081],[-71.752040199999954,43.254575700000032],[-71.750187799999935,43.251953300000025],[-71.749961299999939,43.251564400000063],[-71.749500999999952,43.250474000000054],[-71.748452999999984,43.246949000000029],[-71.747069999999951,43.242224000000078],[-71.746541899999954,43.240468400000054],[-71.745721499999945,43.237608800000032],[-71.744955199999936,43.235993700000051],[-71.743722999999989,43.234532000000058],[-71.739922999999976,43.231466000000069],[-71.739489999999932,43.23111700000004],[-71.739303999999947,43.230972000000065],[-71.738858999999934,43.230624000000034],[-71.732924999999966,43.225896000000034],[-71.724924999999985,43.219531000000075],[-71.723384999999951,43.218299000000059],[-71.722767999999974,43.217809000000045],[-71.722576999999944,43.217656000000034],[-71.722428999999977,43.217539000000045],[-71.721984899999939,43.217185200000074],[-71.718794999999943,43.214646000000073],[-71.716088999999954,43.212467000000061],[-71.714755999999966,43.211159000000066],[-71.710957199999939,43.206135500000073],[-71.710741999999982,43.20585600000004],[-71.70798259999998,43.202626600000031],[-71.706365999999946,43.200770000000034],[-71.703489299999944,43.197469200000057],[-71.702189999999973,43.195885000000033],[-71.701255999999944,43.194414000000052],[-71.700391999999965,43.19246400000003],[-71.698658999999964,43.185740000000067],[-71.697983999999963,43.18427900000006],[-71.69728699999996,43.18345800000003],[-71.696526999999946,43.182831000000078],[-71.694759999999974,43.181912000000068],[-71.692725999999936,43.181432000000029],[-71.690510499999959,43.181115200000079],[-71.688799699999947,43.180881000000056],[-71.68870099999998,43.180868000000032],[-71.686466999999936,43.180580000000077],[-71.685906999999986,43.180549000000042],[-71.683633999999984,43.180687000000034],[-71.680617499999983,43.181481900000051],[-71.67908099999994,43.181947000000036],[-71.678576999999962,43.182099000000051],[-71.676812999999981,43.182536000000027],[-71.674748999999963,43.182810000000075],[-71.672387399999934,43.183072400000071],[-71.666347999999971,43.183666000000073],[-71.656647999999961,43.183705000000032],[-71.656191999999976,43.183708000000081],[-71.652786999999933,43.18363400000004],[-71.649439399999949,43.183186600000056],[-71.648357199999964,43.18297270000005],[-71.647113999999988,43.182690200000025],[-71.634574999999984,43.179848100000072],[-71.629844499999933,43.178778900000054],[-71.629643999999985,43.178734000000077],[-71.616935999999953,43.175917000000027],[-71.613744999999938,43.175839000000053],[-71.610976999999934,43.176359000000048],[-71.598421999999971,43.181019000000049],[-71.598309999999969,43.181059000000062],[-71.596742999999947,43.181635000000028],[-71.594996199999969,43.18228060000007],[-71.594472999999937,43.182473000000073],[-71.593956899999966,43.18266090000003],[-71.59381099999996,43.182712000000038],[-71.592346999999961,43.183261000000073],[-71.591908999999987,43.183422000000064],[-71.591485599999942,43.183574400000055],[-71.588904599999978,43.184267600000055],[-71.586913999999979,43.184466000000043],[-71.584976999999981,43.184397000000047],[-71.574326099999951,43.182732800000053],[-71.571026999999958,43.181782000000055],[-71.568895399999974,43.180765800000074],[-71.567239799999982,43.179917200000034],[-71.567174999999963,43.179879000000028],[-71.562365499999942,43.177340500000071],[-71.562081099999943,43.177196200000026],[-71.55991309999996,43.176201100000071],[-71.554469999999981,43.173952000000043],[-71.545384099999978,43.170188000000053],[-71.545183999999949,43.170105000000035],[-71.540951999999947,43.168364000000054],[-71.540057699999977,43.168079100000057],[-71.538895999999966,43.167875000000038],[-71.53681899999998,43.167910000000063],[-71.534537999999941,43.168514000000073],[-71.533881999999949,43.168738500000075],[-71.53380599999997,43.168768000000057],[-71.533294999999953,43.168969000000061],[-71.531654999999944,43.169121000000075],[-71.530137999999965,43.168843000000038],[-71.525251999999966,43.16634700000003],[-71.524631399999976,43.166002400000025],[-71.523738699999967,43.165600500000039],[-71.523382599999934,43.165402900000061],[-71.522920299999953,43.165157500000078],[-71.522240899999986,43.164790500000038],[-71.522079399999939,43.164698600000065],[-71.513300999999956,43.159958000000074],[-71.511740999999972,43.158972000000063],[-71.509887999999933,43.157275000000027],[-71.507225999999946,43.15401600000007],[-71.498317999999983,43.143076000000065],[-71.489401499999985,43.132141000000047],[-71.486249999999984,43.128243000000055],[-71.48508019999997,43.126448900000071],[-71.475664999999935,43.107989000000032],[-71.475007999999946,43.106029000000035],[-71.474886199999958,43.104970500000036],[-71.475091599999985,43.102545500000076],[-71.475186199999939,43.101858100000072],[-71.475860999999952,43.09731400000004],[-71.475951399999985,43.095747700000061],[-71.47559659999996,43.093107300000042],[-71.474691099999973,43.089437600000053],[-71.474205199999972,43.08719990000003],[-71.474002599999949,43.08626060000006],[-71.473991699999942,43.086213400000076],[-71.473846799999933,43.085511800000063],[-71.473741699999948,43.085002800000041],[-71.473375899999951,43.083315300000038],[-71.473326499999985,43.083099100000027],[-71.47286859999997,43.080899800000054],[-71.472399899999971,43.078195100000073],[-71.472204099999942,43.074641800000052],[-71.471821999999975,43.069089000000076],[-71.471552599999939,43.064798300000064],[-71.471712999999966,43.060456000000045],[-71.471878999999944,43.059385000000077],[-71.47232299999996,43.058205000000044],[-71.474238999999955,43.055002000000059],[-71.474606999999935,43.053889000000026],[-71.474644999999953,43.05247600000007],[-71.474038999999948,43.050985000000026],[-71.473211999999933,43.049998000000073],[-71.471858999999938,43.048918000000072],[-71.471455999999989,43.048613000000046],[-71.470859999999959,43.048163000000045],[-71.470046799999977,43.047549600000025],[-71.465952999999956,43.044417900000042],[-71.465365299999974,43.043980600000054],[-71.465225999999973,43.043878000000063],[-71.465096999999957,43.043775000000039],[-71.461864999999989,43.041320000000042],[-71.461676999999952,43.041175000000067],[-71.461547799999948,43.041078900000059],[-71.461352999999974,43.04093400000005],[-71.461057599999947,43.040716200000077],[-71.460597999999948,43.040360000000078],[-71.460266999999988,43.040107000000035],[-71.459428999999943,43.039465000000064],[-71.459056999999973,43.039182000000039],[-71.45729769999997,43.037856500000032],[-71.455786999999987,43.03671200000008],[-71.455679699999962,43.036630800000069],[-71.454862699999978,43.036001100000078],[-71.454342999999938,43.035624000000041],[-71.453022999999973,43.034592000000032],[-71.452733799999976,43.034335900000031],[-71.452348499999971,43.033985100000052],[-71.451259999999934,43.032760000000053],[-71.449842999999987,43.030542000000025],[-71.448638699999947,43.028572800000063],[-71.446716999999978,43.025663000000065],[-71.44451399999997,43.022995000000037],[-71.444435999999939,43.022908000000029],[-71.441009699999938,43.018838000000073],[-71.440631999999937,43.018387000000075],[-71.440597999999966,43.018345000000068],[-71.440455999999983,43.018179000000032],[-71.440201499999944,43.017880000000048],[-71.439952399999981,43.017588600000067],[-71.439591299999961,43.017193000000077],[-71.438992799999937,43.01648780000005],[-71.438745999999981,43.016197000000034],[-71.438627499999939,43.01605660000007],[-71.436366599999985,43.01340330000005],[-71.435062999999957,43.011470000000031],[-71.434380999999973,43.009658000000059],[-71.433167499999968,43.004568800000072],[-71.433009099999936,43.003871600000025],[-71.432688999999982,43.00259600000004],[-71.432238999999981,43.001551000000063],[-71.431601999999941,43.000700000000052],[-71.430840999999987,43.000013000000081],[-71.429944199999966,42.999428700000067],[-71.429786999999976,42.999347000000057],[-71.427278999999942,42.998343000000034],[-71.426281099999983,42.997983800000043],[-71.425024899999983,42.997540600000036],[-71.423058799999978,42.996836300000041],[-71.420448999999962,42.995883000000049],[-71.419064999999989,42.995098000000041],[-71.418297999999936,42.99438200000003],[-71.417827999999986,42.993709000000081],[-71.417263299999945,42.992285300000049],[-71.416391999999973,42.989433000000076],[-71.416141899999957,42.988074500000039],[-71.41610819999994,42.987800800000059],[-71.416096699999969,42.987731900000028],[-71.416084599999976,42.987653400000056],[-71.416058999999962,42.98746200000005],[-71.416008999999974,42.986838000000034],[-71.415974999999946,42.986408500000039],[-71.415965999999969,42.986335000000054],[-71.415747499999952,42.983996900000079],[-71.415734099999952,42.983884700000033],[-71.415726699999936,42.983779600000048],[-71.415707299999951,42.983629600000029],[-71.414870999999948,42.979199000000051],[-71.414162999999974,42.975939000000039],[-71.413959099999943,42.972700400000065],[-71.413861699999984,42.970278500000063],[-71.413816299999951,42.969433500000036],[-71.413755299999934,42.968838900000037],[-71.413689999999974,42.968450000000075],[-71.412959999999941,42.966750000000047],[-71.410837999999956,42.963261000000045],[-71.409731999999963,42.960220000000049],[-71.409355799999958,42.959151400000053],[-71.408892999999978,42.958390000000065],[-71.40815299999997,42.957623000000069],[-71.403731099999959,42.954391900000076],[-71.402790999999979,42.953502000000071],[-71.402573999999959,42.953253000000075],[-71.402197799999954,42.952782100000036],[-71.40148499999998,42.951883000000066],[-71.400515199999973,42.950847000000067],[-71.394689699999958,42.946598000000051],[-71.386549199999934,42.940682200000026],[-71.385261699999944,42.939286100000061],[-71.384505099999956,42.938167700000065],[-71.380457899999953,42.928933200000074],[-71.376577499999939,42.923155300000076],[-71.37617739999996,42.922581500000035],[-71.375797499999976,42.922029700000053],[-71.373660399999949,42.918961200000069],[-71.372339899999986,42.917057600000078],[-71.372067299999969,42.916674800000067],[-71.371918999999934,42.916471000000058],[-71.369221399999958,42.912587700000074],[-71.36827379999994,42.91099440000005],[-71.368218899999988,42.910891500000048],[-71.367300899999975,42.90917230000008],[-71.366209599999934,42.907128500000056],[-71.365198099999986,42.905135200000075],[-71.363985099999979,42.902728100000047],[-71.362059599999952,42.898816900000043],[-71.360314799999969,42.89581940000005],[-71.359182999999973,42.894362000000058],[-71.357203999999967,42.892284000000075],[-71.347020599999951,42.883415300000081],[-71.345902099999932,42.882149600000048],[-71.345025099999987,42.880588900000078],[-71.343722399999933,42.877219000000025],[-71.341121299999941,42.870258900000067],[-71.341045699999938,42.870062300000029],[-71.340888099999972,42.869651700000077],[-71.340828999999985,42.86949640000006],[-71.340691699999979,42.869126600000072],[-71.339802599999985,42.866800000000069],[-71.339010499999972,42.86515380000003],[-71.337389999999971,42.863126000000079],[-71.335734099999968,42.86178110000003],[-71.335140499999966,42.86139380000003],[-71.334979999999973,42.861298000000033],[-71.334566799999948,42.861059000000068],[-71.334499999999935,42.861022000000048],[-71.333764099999939,42.860642300000052],[-71.333443499999987,42.860488300000043],[-71.331510999999978,42.85974600000003],[-71.331200999999965,42.859653000000037],[-71.327026699999976,42.858481400000073],[-71.322013599999934,42.856790500000045],[-71.320541099999957,42.856161300000053],[-71.318856499999981,42.855210200000045],[-71.316599199999985,42.853488900000059],[-71.314548699999989,42.85138690000008],[-71.307705899999974,42.843646100000058],[-71.304071999999962,42.839707500000031],[-71.300235799999939,42.836445800000035],[-71.299900499999978,42.836172400000066],[-71.299541099999942,42.835891100000026],[-71.297378199999969,42.83413070000006],[-71.296710499999961,42.833554700000036],[-71.294855999999982,42.831560000000025],[-71.293120499999986,42.828671500000041],[-71.292092499999967,42.826779300000055],[-71.287975399999937,42.819416100000069],[-71.287725999999964,42.818944200000033],[-71.287220399999967,42.81799280000007],[-71.28598599999998,42.816399000000047],[-71.285186999999951,42.815634000000045],[-71.28398199999998,42.814749000000063],[-71.282210499999962,42.813798600000041],[-71.280177799999933,42.813055000000077],[-71.276325299999939,42.811757200000045],[-71.274069599999962,42.810533300000031],[-71.272719099999961,42.809291700000074],[-71.272601099999974,42.809150000000045],[-71.272548799999981,42.809073200000057],[-71.272406599999954,42.808874500000059],[-71.272232299999985,42.80862460000003],[-71.27156169999995,42.807288500000027],[-71.271253199999933,42.805755600000055],[-71.271716599999934,42.801789800000051],[-71.271930199999986,42.800009000000045],[-71.271977399999969,42.79974100000004],[-71.272032099999933,42.799284700000044],[-71.27222519999998,42.797909100000027],[-71.272367399999951,42.796604200000047],[-71.27231919999997,42.794643300000075],[-71.271771899999976,42.792569100000037],[-71.270536199999981,42.790212500000052],[-71.269019999999955,42.788450800000078],[-71.266777899999965,42.786667800000032],[-71.265165699999955,42.785696200000075],[-71.263902299999984,42.785138700000061],[-71.261167099999966,42.784267300000067],[-71.257454999999936,42.783422400000063],[-71.25540639999997,42.782981000000063],[-71.253996299999983,42.782655200000079],[-71.252424599999983,42.782244100000071],[-71.250569699999971,42.781548300000054],[-71.249422099999947,42.780984800000056],[-71.24724649999996,42.779588600000068],[-71.245289899999989,42.777669100000026],[-71.245078999999976,42.777400400000033],[-71.244980699999985,42.77726460000008],[-71.24478709999994,42.776992800000073],[-71.244307399999968,42.776215600000057],[-71.243070699999976,42.774037000000078],[-71.242742699999951,42.773454700000059],[-71.24178059999997,42.771757000000036],[-71.241512399999976,42.77128840000006],[-71.241027599999939,42.770424600000069],[-71.240580699999953,42.769655300000068],[-71.240128099999936,42.76883950000007],[-71.238726999999983,42.766414400000031],[-71.238144899999952,42.765471600000069],[-71.237433499999952,42.764490200000068],[-71.23567769999994,42.762450700000045],[-71.233864399999959,42.760776500000077],[-71.233750199999974,42.760668800000076],[-71.232964599999946,42.760022100000072],[-71.232615899999985,42.759762100000046],[-71.231306999999958,42.758848400000034],[-71.228410199999985,42.757083800000032],[-71.227207699999951,42.756462400000032],[-71.226931399999955,42.756324500000062],[-71.223476699999935,42.75456580000008],[-71.222414699999945,42.753990900000076],[-71.221115699999984,42.753252200000077],[-71.219116999999983,42.751871000000051],[-71.217408399999954,42.750386800000058],[-71.214917399999933,42.748083800000074],[-71.213806499999976,42.74705780000005],[-71.211514999999963,42.744823000000054],[-71.211127099999942,42.744440000000054],[-71.210883999999965,42.744200000000035],[-71.210410999999965,42.743740000000059],[-71.210310099999958,42.743641600000046],[-71.210116699999958,42.743452900000079],[-71.209954999999979,42.743295000000046],[-71.209524999999985,42.742871000000036],[-71.207888999999966,42.741255000000081],[-71.207353899999987,42.74073450000003],[-71.206501999999944,42.73987500000004],[-71.206024999999954,42.739371000000062],[-71.205218899999977,42.738328400000057],[-71.20513109999996,42.738193600000045],[-71.204913399999953,42.737863100000027],[-71.204218999999966,42.736483000000078],[-71.203818999999953,42.735223000000076],[-71.20378599999998,42.735058000000038],[-71.203641499999947,42.73366720000007],[-71.203637999999955,42.733266000000071],[-71.203750599999978,42.731923300000062],[-71.203774199999941,42.731817700000079],[-71.204115999999942,42.730599000000041],[-71.204704999999933,42.729315300000053],[-71.205098999999962,42.728574000000037],[-71.205202999999983,42.728380000000072],[-71.205269999999985,42.728259000000037],[-71.207842699999958,42.723529600000063],[-71.208151199999975,42.722968800000046],[-71.208462499999939,42.722376800000063],[-71.208661399999983,42.721934900000065],[-71.209310799999969,42.720469100000059],[-71.210098999999957,42.718249000000071],[-71.210713999999939,42.715807000000041],[-71.211042999999961,42.713339000000076],[-71.211153699999954,42.710842500000069],[-71.211150999999973,42.710293000000036],[-71.211121099999957,42.709743900000035],[-71.211096999999938,42.709470000000067],[-71.210698999999977,42.706047000000069],[-71.21057019999995,42.705060700000047],[-71.210545899999943,42.704897900000049],[-71.210402399999964,42.703930400000047],[-71.210353899999973,42.703609000000029],[-71.210291299999938,42.703113900000062],[-71.210172999999941,42.702270000000055],[-71.210165999999958,42.702209000000039],[-71.210089799999935,42.701671400000066],[-71.210081799999955,42.701620100000071],[-71.210057099999972,42.701464000000044],[-71.210019199999977,42.701210200000048],[-71.209953999999982,42.700681900000063],[-71.209929499999987,42.700544300000047],[-71.209795699999972,42.69954720000004],[-71.209730299999933,42.699059400000067],[-71.209375899999941,42.697251400000027],[-71.209018699999945,42.696111900000062],[-71.208338999999967,42.694487000000038],[-71.20805699999994,42.693868000000066],[-71.207761999999946,42.693228000000033],[-71.207325999999966,42.692288200000064],[-71.206486999999981,42.690483000000029],[-71.206345199999987,42.690162600000065],[-71.204202299999963,42.685455900000079],[-71.203860099999986,42.684702500000071],[-71.201872999999978,42.680383000000063],[-71.200501999999972,42.677409000000068],[-71.196608999999967,42.668836000000056],[-71.196409299999971,42.668406100000027],[-71.196018999999978,42.667566000000079],[-71.194944999999962,42.665186000000062],[-71.194529999999986,42.664309900000035],[-71.194459199999983,42.664144300000032],[-71.194354999999973,42.663882000000058],[-71.193988199999978,42.663041300000032],[-71.192300299999943,42.659439100000043],[-71.190574999999967,42.655665500000055],[-71.190546999999981,42.655604000000039],[-71.188756999999953,42.651740000000075],[-71.187912399999959,42.649880500000052],[-71.186183399999948,42.646120400000029],[-71.18560679999996,42.644787400000041],[-71.184351999999933,42.642127000000073],[-71.182860699999935,42.638839800000028],[-71.180837599999961,42.634071600000027],[-71.179619899999977,42.630225500000051],[-71.179551999999944,42.62999700000006],[-71.178971999999987,42.628103000000067],[-71.178150999999957,42.625301000000036],[-71.178082399999937,42.625100300000042],[-71.178048299999944,42.624977900000033],[-71.177670999999975,42.623711100000037],[-71.177345499999944,42.622630300000026],[-71.177180699999951,42.622065500000076],[-71.176489999999944,42.619695700000079],[-71.176116999999977,42.61844300000007],[-71.175656999999944,42.616903000000036],[-71.175064999999961,42.614859000000081],[-71.175022999999953,42.614739000000043],[-71.174964599999953,42.614533800000061],[-71.174936499999944,42.61444060000008],[-71.173780999999963,42.610549000000049],[-71.171169999999961,42.601724000000047],[-71.170383999999956,42.599079000000074],[-71.169622999999945,42.596992000000057],[-71.168965999999955,42.595743000000027],[-71.168590999999935,42.595120000000065],[-71.168484499999977,42.594949300000053],[-71.166864999999973,42.592882000000031],[-71.166397999999958,42.592383000000041],[-71.16585299999997,42.591853000000071],[-71.161839199999974,42.587935900000048],[-71.161160999999936,42.587275000000034],[-71.157902499999977,42.584086900000045],[-71.157736999999941,42.583931000000064],[-71.15468199999998,42.580485000000067],[-71.152265999999941,42.577022000000056],[-71.148938499999986,42.572221100000036],[-71.148499999999956,42.571608000000026],[-71.147749899999951,42.57051910000007],[-71.146942999999965,42.569250000000068],[-71.141504299999951,42.559516200000076],[-71.140867999999955,42.558375000000069],[-71.138093799999979,42.553149900000051],[-71.137710999999967,42.552248000000077],[-71.13683199999997,42.549425000000042],[-71.13618299999996,42.546834000000047],[-71.13535399999995,42.543070000000057],[-71.135185199999967,42.541590500000041],[-71.135174799999959,42.541436600000054],[-71.135184199999969,42.538282600000059],[-71.135274599999946,42.537347000000068],[-71.135754899999938,42.533319500000061],[-71.135777599999983,42.533137000000067],[-71.135838199999966,42.532659000000081],[-71.13596199999995,42.531574000000035],[-71.136153299999933,42.529708200000073],[-71.136181999999962,42.529352000000074],[-71.13616879999995,42.527831200000037],[-71.135700899999961,42.525052900000048],[-71.135554799999966,42.524517100000025],[-71.135408499999983,42.524041800000077],[-71.134663999999987,42.522215000000074],[-71.133565999999973,42.520289000000048],[-71.131561999999974,42.517747000000043],[-71.130711699999949,42.51678620000007],[-71.12643479999997,42.512014800000031],[-71.125658599999952,42.511153000000036],[-71.125546499999984,42.511029800000074],[-71.124314999999967,42.509634000000062],[-71.123653999999988,42.50888400000008],[-71.123323999999968,42.508528100000035],[-71.123035999999956,42.508214000000066],[-71.120886499999983,42.505647900000042],[-71.120307199999957,42.504831300000035],[-71.119459599999971,42.503233800000032],[-71.119247499999972,42.502742700000056],[-71.119089899999949,42.502351400000066],[-71.119047099999989,42.502215100000058],[-71.118914899999936,42.501804400000026],[-71.118858599999953,42.501637300000027],[-71.118726999999978,42.501238000000058],[-71.118529899999942,42.50041710000005],[-71.118325999999968,42.499119000000064],[-71.118167599999936,42.495776400000068],[-71.118142999999975,42.495279000000039],[-71.118096799999933,42.494450000000029],[-71.118059999999957,42.493564000000049],[-71.118022999999937,42.492721000000074],[-71.118016499999953,42.492605300000037],[-71.117935199999977,42.490890800000045],[-71.117721999999958,42.486349000000075],[-71.117118699999935,42.483809700000052],[-71.116515999999933,42.48232500000006],[-71.115147999999976,42.480049000000065],[-71.115068999999949,42.479926000000034],[-71.114923999999974,42.479724000000033],[-71.114209999999957,42.478709000000038],[-71.113490999999954,42.477697000000035],[-71.113244999999949,42.477352000000053],[-71.113098999999977,42.477148000000057],[-71.112675799999977,42.476542400000028],[-71.112388399999986,42.476150400000051],[-71.112068999999963,42.475720000000081],[-71.110781999999972,42.47389000000004],[-71.110361099999977,42.473285700000076],[-71.11006059999994,42.472865100000035],[-71.109780899999976,42.472471800000051],[-71.109447999999986,42.472006000000079],[-71.109089999999981,42.471502000000044],[-71.108097999999984,42.470096000000069],[-71.107509099999959,42.469249700000034],[-71.107453999999962,42.469172000000071],[-71.106828499999949,42.468296700000053],[-71.105238199999974,42.466071600000078],[-71.103145999999981,42.46284200000008],[-71.102525999999955,42.461170000000038],[-71.102227999999968,42.459391000000039],[-71.102213999999947,42.459073000000046],[-71.102237999999943,42.457923000000051],[-71.102633999999966,42.455892000000063],[-71.104645799999957,42.449165200000039],[-71.10472939999994,42.448848600000076],[-71.104900999999984,42.448275000000081],[-71.104971999999975,42.448053000000073],[-71.105376999999976,42.445986000000062],[-71.105390999999941,42.444286000000034],[-71.105162999999948,42.442867000000035],[-71.104288599999961,42.440082300000029],[-71.103489299999978,42.437629600000037],[-71.103330599999936,42.43714250000005],[-71.103197299999977,42.436748700000066],[-71.10256499999997,42.434396000000049],[-71.102604999999983,42.432467000000031],[-71.102796999999953,42.431621000000064],[-71.102957199999935,42.431064700000036],[-71.102987999999982,42.43095900000003],[-71.103208999999936,42.429878000000031],[-71.103280999999981,42.42844000000008],[-71.103354999999965,42.426168000000075],[-71.103359999999952,42.42609600000003],[-71.103358999999955,42.425934000000041],[-71.103361999999947,42.425841000000048],[-71.103668899999946,42.422771300000079],[-71.103690499999971,42.422614100000033],[-71.10369559999998,42.422574700000041],[-71.104004999999972,42.42023800000004],[-71.104015999999945,42.420130000000029],[-71.10418999999996,42.418788000000063],[-71.104149999999947,42.417373000000055],[-71.104101999999955,42.416607000000056],[-71.104087999999933,42.416351000000077],[-71.104004999999972,42.414693000000057],[-71.103999999999985,42.414589000000035],[-71.103956499999981,42.413738900000055],[-71.103952999999933,42.413630000000069],[-71.103926499999943,42.413081000000034],[-71.103533999999968,42.411109000000067],[-71.102782999999988,42.409759000000065],[-71.101161999999988,42.407833000000039],[-71.100866799999949,42.407506100000035],[-71.10034799999994,42.406913000000031],[-71.099697999999933,42.406208000000049],[-71.09951099999995,42.406024000000059],[-71.09935859999996,42.405847300000062],[-71.09866999999997,42.405062000000044],[-71.098511499999972,42.404878300000064],[-71.097985999999935,42.404272000000049],[-71.096680999999933,42.402817000000027],[-71.095782999999983,42.401805000000024],[-71.095266199999969,42.401232900000025],[-71.095187999999951,42.401136000000065],[-71.094530999999961,42.400427000000036],[-71.094038999999952,42.399902000000054],[-71.09354129999997,42.399450900000033],[-71.092454199999963,42.398519700000065],[-71.091049199999986,42.397453800000051],[-71.08951449999995,42.396301300000061],[-71.088800299999946,42.395768000000032],[-71.087162199999966,42.394538800000078],[-71.086827299999982,42.394291900000042],[-71.085898699999973,42.393589500000076],[-71.08564169999994,42.393393200000048],[-71.085566999999969,42.393336400000067],[-71.085505199999943,42.393283000000054],[-71.084479599999952,42.39228120000007],[-71.084347399999956,42.392132300000071],[-71.083106999999984,42.390744000000041],[-71.082437099999936,42.390145000000075],[-71.080276999999967,42.388499000000024],[-71.078316399999949,42.386929500000065],[-71.07822619999996,42.386836100000039],[-71.078138099999933,42.386738800000046],[-71.077771299999938,42.38628570000003],[-71.077500999999984,42.385917200000051],[-71.077384099999961,42.385705800000039],[-71.076850299999933,42.384427900000048],[-71.076784999999973,42.384040900000059],[-71.07670399999995,42.38307240000006],[-71.076801499999988,42.381909800000074],[-71.07683609999998,42.380393200000071],[-71.076545899999985,42.379382500000077],[-71.075764199999981,42.37810230000008],[-71.074232199999983,42.376281400000039],[-71.073825899999974,42.37592630000006],[-71.071472599999936,42.37430020000005],[-71.069751799999949,42.373335300000065],[-71.069646899999952,42.373275600000056],[-71.068383099999949,42.372500100000025],[-71.068080299999963,42.372305100000062],[-71.06784289999996,42.372163200000045],[-71.066904099999988,42.371563500000036],[-71.066643799999952,42.371368500000074],[-71.065964199999939,42.370872600000041],[-71.065379499999949,42.370420800000034],[-71.065165399999955,42.370254200000034],[-71.065004199999976,42.370129200000065],[-71.064714299999935,42.369889600000079],[-71.064499999999953,42.369706000000065],[-71.064161999999953,42.369397000000049],[-71.064076999999941,42.369321900000045],[-71.063573599999984,42.368880000000047],[-71.062991399999987,42.368372500000078],[-71.062689999999975,42.368110000000058],[-71.062468999999965,42.367907000000059],[-71.062022999999954,42.367521000000067],[-71.061735899999974,42.367243700000074],[-71.060935699999959,42.366537400000027],[-71.060785199999941,42.366393000000073],[-71.060656799999947,42.366262200000051],[-71.060601799999972,42.366205600000058],[-71.060359799999958,42.365977900000075],[-71.060274799999945,42.365895800000033],[-71.05916209999998,42.36479920000005],[-71.058448999999939,42.364057100000025],[-71.058223599999963,42.363837300000057],[-71.058173499999953,42.363786000000061],[-71.058152899999982,42.363701100000071],[-71.058057499999961,42.363484800000037],[-71.05799589999998,42.363404900000035],[-71.057926799999962,42.363318100000072],[-71.057896699999958,42.363280300000042],[-71.057585399999937,42.362913700000036],[-71.057481699999983,42.362764200000072],[-71.057288999999969,42.362427000000025],[-71.056695599999955,42.362039000000038],[-71.055754899999954,42.361797000000081],[-71.055222999999955,42.361770000000035],[-71.055043999999953,42.36177900000007],[-71.054714999999987,42.361944000000051],[-71.054185399999938,42.362371800000062],[-71.053862999999978,42.362647000000038],[-71.053684999999973,42.362797000000057],[-71.053381999999942,42.363041000000067],[-71.053176199999939,42.36320500000005],[-71.052757199999974,42.363474500000052],[-71.052704399999982,42.363539600000081],[-71.052307299999939,42.363867800000037],[-71.051813699999968,42.364220500000044],[-71.051698999999985,42.364311000000043],[-71.051056599999981,42.364802600000075],[-71.050322599999959,42.365326300000049],[-71.047378399999957,42.367227000000071],[-71.046533199999942,42.367769800000076],[-71.046265299999959,42.36793780000005],[-71.046040999999946,42.368082600000037],[-71.042767999999967,42.370186100000069],[-71.042262699999981,42.370506400000068],[-71.041227799999945,42.371162300000037],[-71.040427899999941,42.371681000000081],[-71.039487799999961,42.372281800000053],[-71.039200799999946,42.372467000000029],[-71.039022999999986,42.372599600000058],[-71.038724799999954,42.372812800000077],[-71.038391399999966,42.373087600000076],[-71.038193299999989,42.373257700000067],[-71.038093299999957,42.373341100000061],[-71.037744999999973,42.373589300000049],[-71.03728179999996,42.373719700000038],[-71.037221699999975,42.373726400000066],[-71.036959199999956,42.373732600000039],[-71.036306399999944,42.373515500000053],[-71.036033099999941,42.373366800000042],[-71.035251799999969,42.372932400000025],[-71.034949199999971,42.372772000000055],[-71.034566299999938,42.372611000000063],[-71.034170499999959,42.372504900000081],[-71.033791899999983,42.37243200000006],[-71.033131499999968,42.372467300000039],[-71.032703799999979,42.372597700000028],[-71.032130599999959,42.372946800000079],[-71.031374999999969,42.373594500000081],[-71.030816199999947,42.373825100000033],[-71.030539799999985,42.373833200000036],[-71.030099099999973,42.373707000000024],[-71.029980099999989,42.373630100000071],[-71.029761699999938,42.373370600000044],[-71.02963699999998,42.373159000000044],[-71.029246599999965,42.372623300000043],[-71.028604499999972,42.372092000000066],[-71.027428199999974,42.371153100000072],[-71.027044599999954,42.370778500000029],[-71.02689909999998,42.370581800000025],[-71.026663199999973,42.370030800000052],[-71.026597599999945,42.369476000000077],[-71.026575799999989,42.369337500000029],[-71.026562499999955,42.369252500000073],[-71.026498299999957,42.368260500000076],[-71.026414499999987,42.367919100000051],[-71.02621819999996,42.367612700000052],[-71.026026299999955,42.367406600000038],[-71.025539899999956,42.367062000000033],[-71.02530969999998,42.366945200000032],[-71.02509219999996,42.366823700000054],[-71.024558599999978,42.366551300000026],[-71.024446799999964,42.366488600000025],[-71.024392199999966,42.366464000000065],[-71.024094199999979,42.36634360000005],[-71.023253499999953,42.366078200000061],[-71.022967799999947,42.366007900000056],[-71.022553699999946,42.365921700000058],[-71.021503199999984,42.365533300000038],[-71.021001699999943,42.365301500000044],[-71.020881399999951,42.365248000000065],[-71.020309199999986,42.364999100000034],[-71.020030199999951,42.364870300000064],[-71.019823699999961,42.36481880000008],[-71.019661399999961,42.364789200000075],[-71.019539699999939,42.364775800000075],[-71.019311899999934,42.364783400000078],[-71.019052199999976,42.364820900000041],[-71.018846999999937,42.364884800000027],[-71.01870619999994,42.364965900000072],[-71.018608299999983,42.365044200000057],[-71.018058099999962,42.365716500000076],[-71.017966599999966,42.365824400000065],[-71.017553199999952,42.366031600000042],[-71.01749719999998,42.36605430000003],[-71.017341299999941,42.366114900000071],[-71.017226799999946,42.366179400000078],[-71.017147599999987,42.366253900000061],[-71.017139799999939,42.36630480000008]]]},"properties":{"OBJECTID":1,"Name":"Airbnb, 95 Priscilla Lane, Killington - Boston Logan International Airport","FirstStopID":1,"LastStopID":23,"StopCount":23,"StartTime":1790668800000,"EndTime":1791236362000,"StartTimeUTC":1790683200000,"EndTimeUTC":1790732362000,"TotalWait_Minutes":null,"TotalWait_TimeAt1KPH":null,"TotalWait_TravelTime":null,"TotalWait_TruckMinutes":null,"TotalWait_TruckTravelTime":null,"TotalWait_WalkTime":null,"TotalViolation_Minutes":null,"TotalViolation_TimeAt1KPH":null,"TotalViolation_TravelTime":null,"TotalViolation_TruckMinutes":null,"TotalViolation_TruckTravelTime":null,"TotalViolation_WalkTime":null,"Total_Minutes":null,"Total_TimeAt1KPH":null,"Total_TravelTime":819.36704981701268,"Total_TruckMinutes":null,"Total_TruckTravelTime":null,"Total_WalkTime":null,"Total_Kilometers":343.06514126857894,"Total_Miles":null,"Shape_Length":3.6068045034706033}}]}